CWE-134,CAPEC-135,0.5
CWE-134,CAPEC-67,0.5
CWE-362,CAPEC-29,0.495091
CWE-362,CAPEC-26,0.495091
CWE-284,CAPEC-474,0.46729
CWE-284,CAPEC-19,0.46729
CWE-94,CAPEC-35,0.429792
CWE-94,CAPEC-77,0.429792
CWE-189,CAPEC-26,0.25
CWE-189,CAPEC-29,0.25
CWE-189,CAPEC-35,0.25
CWE-189,CAPEC-77,0.25
CWE-287,CAPEC-94,0.249616
CWE-287,CAPEC-57,0.249616
CWE-287,CAPEC-22,0.249616
CWE-287,CAPEC-114,0.249616
CWE-59,CAPEC-76,0.240847
CWE-59,CAPEC-35,0.240847
CWE-59,CAPEC-17,0.240847
CWE-59,CAPEC-132,0.240847
CWE-78,CAPEC-88,0.197757
CWE-78,CAPEC-6,0.197757
CWE-78,CAPEC-43,0.197757
CWE-78,CAPEC-15,0.197757
CWE-78,CAPEC-108,0.197757
CWE-89,CAPEC-7,0.166593
CWE-89,CAPEC-66,0.166593
CWE-89,CAPEC-470,0.166593
CWE-89,CAPEC-110,0.166593
CWE-89,CAPEC-109,0.166593
CWE-89,CAPEC-108,0.166593
CWE-310,CAPEC-22,0.144144
CWE-19,CAPEC-59,0.142857
CWE-19,CAPEC-472,0.142857
CWE-19,CAPEC-13,0.142857
CWE-19,CAPEC-169,0.142857
CWE-19,CAPEC-79,0.142857
CWE-19,CAPEC-60,0.142857
CWE-254,CAPEC-79,0.142857
CWE-19,CAPEC-22,0.142857
CWE-254,CAPEC-60,0.142857
CWE-254,CAPEC-59,0.142857
CWE-254,CAPEC-472,0.142857
CWE-254,CAPEC-22,0.142857
CWE-254,CAPEC-169,0.142857
CWE-254,CAPEC-13,0.142857
CWE-200,CAPEC-13,0.142701
CWE-200,CAPEC-79,0.142701
CWE-200,CAPEC-60,0.142701
CWE-200,CAPEC-59,0.142701
CWE-200,CAPEC-472,0.142701
CWE-200,CAPEC-22,0.142701
CWE-200,CAPEC-169,0.142701
CWE-22,CAPEC-79,0.139704
CWE-22,CAPEC-139,0.139704
CWE-22,CAPEC-23,0.139704
CWE-22,CAPEC-78,0.139704
CWE-22,CAPEC-76,0.139704
CWE-22,CAPEC-64,0.139704
CWE-22,CAPEC-213,0.139704
CWE-255,CAPEC-13,0.136364
CWE-255,CAPEC-169,0.136364
CWE-255,CAPEC-22,0.136364
CWE-255,CAPEC-472,0.136364
CWE-255,CAPEC-59,0.136364
CWE-255,CAPEC-60,0.136364
CWE-255,CAPEC-79,0.136364
CWE-310,CAPEC-60,0.135135
CWE-310,CAPEC-13,0.135135
CWE-310,CAPEC-59,0.135135
CWE-310,CAPEC-472,0.135135
CWE-310,CAPEC-79,0.135135
CWE-310,CAPEC-169,0.135135
CWE-77,CAPEC-43,0.125
CWE-77,CAPEC-23,0.125
CWE-77,CAPEC-6,0.125
CWE-77,CAPEC-75,0.125
CWE-77,CAPEC-76,0.125
CWE-77,CAPEC-15,0.125
CWE-77,CAPEC-136,0.125
CWE-77,CAPEC-11,0.125
CWE-119,CAPEC-9,0.0899614
CWE-119,CAPEC-8,0.0899614
CWE-119,CAPEC-100,0.0899614
CWE-119,CAPEC-14,0.0899614
CWE-119,CAPEC-24,0.0899614
CWE-119,CAPEC-42,0.0899614
CWE-119,CAPEC-10,0.0899614
CWE-119,CAPEC-44,0.0899614
CWE-119,CAPEC-45,0.0899614
CWE-119,CAPEC-46,0.0899614
CWE-119,CAPEC-47,0.0899614
CWE-345,CAPEC-4,0.0833333
CWE-345,CAPEC-389,0.0833333
CWE-345,CAPEC-388,0.0833333
CWE-345,CAPEC-387,0.0833333
CWE-345,CAPEC-385,0.0833333
CWE-345,CAPEC-111,0.0833333
CWE-345,CAPEC-141,0.0833333
CWE-345,CAPEC-142,0.0833333
CWE-345,CAPEC-209,0.0833333
CWE-345,CAPEC-218,0.0833333
CWE-345,CAPEC-384,0.0833333
CWE-345,CAPEC-386,0.0833333
CWE-352,CAPEC-108,0.08
CWE-352,CAPEC-13,0.08
CWE-352,CAPEC-169,0.08
CWE-352,CAPEC-22,0.08
CWE-352,CAPEC-472,0.08
CWE-352,CAPEC-59,0.08
CWE-352,CAPEC-60,0.08
CWE-352,CAPEC-79,0.08
CWE-79,CAPEC-232,0.0588224
CWE-79,CAPEC-243,0.0588224
CWE-79,CAPEC-244,0.0588224
CWE-79,CAPEC-209,0.0588224
CWE-79,CAPEC-199,0.0588224
CWE-79,CAPEC-91,0.0588224
CWE-79,CAPEC-86,0.0588224
CWE-79,CAPEC-85,0.0588224
CWE-79,CAPEC-63,0.0588224
CWE-79,CAPEC-32,0.0588224
CWE-79,CAPEC-247,0.0588224
CWE-79,CAPEC-246,0.0588224
CWE-79,CAPEC-245,0.0588224
CWE-79,CAPEC-106,0.0588224
CWE-79,CAPEC-18,0.0588224
CWE-79,CAPEC-19,0.0588224
CWE-79,CAPEC-198,0.0588224
CWE-264,CAPEC-22,0.0403877
CWE-352,CAPEC-66,0.04
CWE-352,CAPEC-15,0.04
CWE-352,CAPEC-43,0.04
CWE-352,CAPEC-470,0.04
CWE-352,CAPEC-110,0.04
CWE-352,CAPEC-109,0.04
CWE-352,CAPEC-6,0.04
CWE-352,CAPEC-7,0.04
CWE-352,CAPEC-88,0.04
CWE-264,CAPEC-79,0.0371567
CWE-264,CAPEC-13,0.0371567
CWE-74,CAPEC-83,0.0263158
CWE-74,CAPEC-43,0.0263158
CWE-74,CAPEC-7,0.0263158
CWE-74,CAPEC-78,0.0263158
CWE-74,CAPEC-91,0.0263158
CWE-74,CAPEC-67,0.0263158
CWE-74,CAPEC-9,0.0263158
CWE-74,CAPEC-84,0.0263158
CWE-74,CAPEC-71,0.0263158
CWE-74,CAPEC-80,0.0263158
CWE-74,CAPEC-8,0.0263158
CWE-74,CAPEC-79,0.0263158
CWE-74,CAPEC-72,0.0263158
CWE-74,CAPEC-76,0.0263158
CWE-74,CAPEC-24,0.0263158
CWE-74,CAPEC-42,0.0263158
CWE-74,CAPEC-40,0.0263158
CWE-74,CAPEC-34,0.0263158
CWE-74,CAPEC-3,0.0263158
CWE-74,CAPEC-28,0.0263158
CWE-74,CAPEC-273,0.0263158
CWE-74,CAPEC-267,0.0263158
CWE-74,CAPEC-250,0.0263158
CWE-74,CAPEC-66,0.0263158
CWE-74,CAPEC-14,0.0263158
CWE-74,CAPEC-135,0.0263158
CWE-74,CAPEC-13,0.0263158
CWE-74,CAPEC-106,0.0263158
CWE-74,CAPEC-64,0.0263158
CWE-74,CAPEC-53,0.0263158
CWE-74,CAPEC-52,0.0263158
CWE-74,CAPEC-51,0.0263158
CWE-74,CAPEC-47,0.0263158
CWE-74,CAPEC-46,0.0263158
CWE-74,CAPEC-45,0.0263158
CWE-74,CAPEC-10,0.0263158
CWE-74,CAPEC-101,0.0263158
CWE-74,CAPEC-108,0.0263158
CWE-264,CAPEC-60,0.0242326
CWE-264,CAPEC-59,0.0242326
CWE-264,CAPEC-472,0.0242326
CWE-264,CAPEC-169,0.0242326
CWE-399,CAPEC-10,0.0233463
CWE-399,CAPEC-42,0.0233463
CWE-399,CAPEC-14,0.0233463
CWE-399,CAPEC-24,0.0233463
CWE-399,CAPEC-45,0.0233463
CWE-399,CAPEC-8,0.0233463
CWE-399,CAPEC-47,0.0233463
CWE-399,CAPEC-9,0.0233463
CWE-399,CAPEC-46,0.0233463
CWE-255,CAPEC-35,0.0227273
CWE-255,CAPEC-77,0.0227273
CWE-20,CAPEC-67,0.0172375
CWE-20,CAPEC-9,0.0172375
CWE-20,CAPEC-91,0.0172375
CWE-20,CAPEC-99,0.0172375
CWE-20,CAPEC-7,0.0172375
CWE-20,CAPEC-86,0.0172375
CWE-20,CAPEC-66,0.0172375
CWE-20,CAPEC-64,0.0172375
CWE-20,CAPEC-63,0.0172375
CWE-20,CAPEC-53,0.0172375
CWE-20,CAPEC-52,0.0172375
CWE-20,CAPEC-88,0.0172375
CWE-20,CAPEC-47,0.0172375
CWE-20,CAPEC-85,0.0172375
CWE-20,CAPEC-83,0.0172375
CWE-20,CAPEC-81,0.0172375
CWE-20,CAPEC-80,0.0172375
CWE-20,CAPEC-8,0.0172375
CWE-20,CAPEC-79,0.0172375
CWE-20,CAPEC-78,0.0172375
CWE-20,CAPEC-73,0.0172375
CWE-20,CAPEC-72,0.0172375
CWE-20,CAPEC-136,0.0172375
CWE-20,CAPEC-135,0.0172375
CWE-20,CAPEC-13,0.0172375
CWE-20,CAPEC-42,0.0172375
CWE-20,CAPEC-250,0.0172375
CWE-20,CAPEC-265,0.0172375
CWE-20,CAPEC-244,0.0172375
CWE-20,CAPEC-24,0.0172375
CWE-20,CAPEC-231,0.0172375
CWE-20,CAPEC-230,0.0172375
CWE-20,CAPEC-267,0.0172375
CWE-20,CAPEC-28,0.0172375
CWE-20,CAPEC-3,0.0172375
CWE-20,CAPEC-31,0.0172375
CWE-20,CAPEC-32,0.0172375
CWE-20,CAPEC-71,0.0172375
CWE-20,CAPEC-484,0.0172375
CWE-20,CAPEC-43,0.0172375
CWE-20,CAPEC-22,0.0172375
CWE-20,CAPEC-199,0.0172375
CWE-20,CAPEC-182,0.0172375
CWE-20,CAPEC-18,0.0172375
CWE-20,CAPEC-171,0.0172375
CWE-20,CAPEC-14,0.0172375
CWE-20,CAPEC-139,0.0172375
CWE-20,CAPEC-45,0.0172375
CWE-20,CAPEC-46,0.0172375
CWE-20,CAPEC-264,0.0172375
CWE-20,CAPEC-473,0.0172375
CWE-20,CAPEC-110,0.0172375
CWE-20,CAPEC-109,0.0172375
CWE-20,CAPEC-10,0.0172375
CWE-20,CAPEC-101,0.0172375
CWE-20,CAPEC-108,0.0172375
CWE-20,CAPEC-106,0.0172375
CWE-20,CAPEC-104,0.0172375
CWE-399,CAPEC-13,0.0168612
CWE-399,CAPEC-79,0.0168612
CWE-399,CAPEC-22,0.0168612
CWE-399,CAPEC-78,0.0155642
CWE-399,CAPEC-230,0.0155642
CWE-399,CAPEC-67,0.0155642
CWE-399,CAPEC-199,0.0155642
CWE-399,CAPEC-182,0.0155642
CWE-399,CAPEC-72,0.0155642
CWE-399,CAPEC-18,0.0155642
CWE-399,CAPEC-73,0.0155642
CWE-399,CAPEC-171,0.0155642
CWE-399,CAPEC-231,0.0155642
CWE-399,CAPEC-139,0.0155642
CWE-399,CAPEC-7,0.0155642
CWE-399,CAPEC-80,0.0155642
CWE-399,CAPEC-81,0.0155642
CWE-399,CAPEC-136,0.0155642
CWE-399,CAPEC-83,0.0155642
CWE-399,CAPEC-135,0.0155642
CWE-399,CAPEC-71,0.0155642
CWE-399,CAPEC-3,0.0155642
CWE-399,CAPEC-63,0.0155642
CWE-399,CAPEC-53,0.0155642
CWE-399,CAPEC-52,0.0155642
CWE-399,CAPEC-484,0.0155642
CWE-399,CAPEC-473,0.0155642
CWE-399,CAPEC-43,0.0155642
CWE-399,CAPEC-32,0.0155642
CWE-399,CAPEC-31,0.0155642
CWE-399,CAPEC-64,0.0155642
CWE-399,CAPEC-28,0.0155642
CWE-399,CAPEC-267,0.0155642
CWE-399,CAPEC-265,0.0155642
CWE-399,CAPEC-264,0.0155642
CWE-399,CAPEC-250,0.0155642
CWE-399,CAPEC-244,0.0155642
CWE-399,CAPEC-66,0.0155642
CWE-399,CAPEC-109,0.0155642
CWE-399,CAPEC-86,0.0155642
CWE-399,CAPEC-85,0.0155642
CWE-399,CAPEC-110,0.0155642
CWE-399,CAPEC-88,0.0155642
CWE-399,CAPEC-108,0.0155642
CWE-399,CAPEC-106,0.0155642
CWE-399,CAPEC-104,0.0155642
CWE-399,CAPEC-101,0.0155642
CWE-399,CAPEC-91,0.0155642
CWE-399,CAPEC-99,0.0155642
CWE-264,CAPEC-63,0.0145396
CWE-264,CAPEC-106,0.0145396
CWE-264,CAPEC-244,0.0145396
CWE-264,CAPEC-199,0.0145396
CWE-264,CAPEC-18,0.0145396
CWE-264,CAPEC-108,0.0145396
CWE-264,CAPEC-85,0.0145396
CWE-264,CAPEC-86,0.0145396
CWE-264,CAPEC-88,0.0145396
CWE-264,CAPEC-32,0.0145396
CWE-264,CAPEC-91,0.0145396
CWE-264,CAPEC-43,0.0145396
CWE-264,CAPEC-78,0.0129241
CWE-264,CAPEC-8,0.0129241
CWE-264,CAPEC-64,0.0129241
CWE-264,CAPEC-135,0.0129241
CWE-264,CAPEC-110,0.0129241
CWE-264,CAPEC-109,0.0129241
CWE-264,CAPEC-104,0.0129241
CWE-264,CAPEC-101,0.0129241
CWE-264,CAPEC-10,0.0129241
CWE-264,CAPEC-80,0.0129241
CWE-264,CAPEC-81,0.0129241
CWE-264,CAPEC-83,0.0129241
CWE-264,CAPEC-9,0.0129241
CWE-264,CAPEC-99,0.0129241
CWE-264,CAPEC-139,0.0129241
CWE-264,CAPEC-66,0.0129241
CWE-264,CAPEC-53,0.0129241
CWE-264,CAPEC-52,0.0129241
CWE-264,CAPEC-484,0.0129241
CWE-264,CAPEC-473,0.0129241
CWE-264,CAPEC-67,0.0129241
CWE-264,CAPEC-47,0.0129241
CWE-264,CAPEC-46,0.0129241
CWE-264,CAPEC-45,0.0129241
CWE-264,CAPEC-42,0.0129241
CWE-264,CAPEC-7,0.0129241
CWE-264,CAPEC-31,0.0129241
CWE-264,CAPEC-3,0.0129241
CWE-264,CAPEC-71,0.0129241
CWE-264,CAPEC-267,0.0129241
CWE-264,CAPEC-136,0.0129241
CWE-264,CAPEC-14,0.0129241
CWE-264,CAPEC-171,0.0129241
CWE-264,CAPEC-182,0.0129241
CWE-264,CAPEC-73,0.0129241
CWE-264,CAPEC-230,0.0129241
CWE-264,CAPEC-231,0.0129241
CWE-264,CAPEC-24,0.0129241
CWE-264,CAPEC-250,0.0129241
CWE-264,CAPEC-72,0.0129241
CWE-264,CAPEC-264,0.0129241
CWE-264,CAPEC-265,0.0129241
CWE-264,CAPEC-28,0.0129241
CWE-284,CAPEC-169,0.00934579
CWE-284,CAPEC-13,0.00934579
CWE-284,CAPEC-22,0.00934579
CWE-284,CAPEC-472,0.00934579
CWE-284,CAPEC-59,0.00934579
CWE-284,CAPEC-60,0.00934579
CWE-284,CAPEC-79,0.00934579
CWE-399,CAPEC-44,0.00907912
CWE-399,CAPEC-100,0.00907912
CWE-310,CAPEC-57,0.00900901
CWE-310,CAPEC-29,0.00900901
CWE-310,CAPEC-26,0.00900901
CWE-310,CAPEC-94,0.00900901
CWE-310,CAPEC-114,0.00900901
CWE-264,CAPEC-35,0.00807754
CWE-264,CAPEC-26,0.00484653
CWE-264,CAPEC-29,0.00484653
CWE-264,CAPEC-77,0.00484653
CWE-264,CAPEC-114,0.00323102
CWE-264,CAPEC-94,0.00323102
CWE-264,CAPEC-76,0.00323102
CWE-264,CAPEC-57,0.00323102
CWE-264,CAPEC-17,0.00323102
CWE-264,CAPEC-132,0.00323102
CWE-94,CAPEC-244,0.00270833
CWE-94,CAPEC-85,0.00270833
CWE-94,CAPEC-86,0.00270833
CWE-94,CAPEC-91,0.00270833
CWE-94,CAPEC-199,0.00270833
CWE-94,CAPEC-18,0.00270833
CWE-94,CAPEC-106,0.00270833
CWE-94,CAPEC-63,0.00270833
CWE-94,CAPEC-32,0.00270833
CWE-94,CAPEC-109,0.00229167
CWE-94,CAPEC-230,0.00229167
CWE-94,CAPEC-22,0.00229167
CWE-94,CAPEC-182,0.00229167
CWE-94,CAPEC-171,0.00229167
CWE-94,CAPEC-14,0.00229167
CWE-94,CAPEC-139,0.00229167
CWE-94,CAPEC-136,0.00229167
CWE-94,CAPEC-135,0.00229167
CWE-94,CAPEC-13,0.00229167
CWE-94,CAPEC-110,0.00229167
CWE-94,CAPEC-24,0.00229167
CWE-94,CAPEC-108,0.00229167
CWE-94,CAPEC-8,0.00229167
CWE-94,CAPEC-80,0.00229167
CWE-94,CAPEC-81,0.00229167
CWE-94,CAPEC-83,0.00229167
CWE-94,CAPEC-104,0.00229167
CWE-94,CAPEC-88,0.00229167
CWE-94,CAPEC-9,0.00229167
CWE-94,CAPEC-101,0.00229167
CWE-94,CAPEC-10,0.00229167
CWE-94,CAPEC-99,0.00229167
CWE-94,CAPEC-47,0.00229167
CWE-94,CAPEC-78,0.00229167
CWE-94,CAPEC-73,0.00229167
CWE-94,CAPEC-72,0.00229167
CWE-94,CAPEC-71,0.00229167
CWE-94,CAPEC-7,0.00229167
CWE-94,CAPEC-67,0.00229167
CWE-94,CAPEC-66,0.00229167
CWE-94,CAPEC-64,0.00229167
CWE-94,CAPEC-53,0.00229167
CWE-94,CAPEC-52,0.00229167
CWE-94,CAPEC-484,0.00229167
CWE-94,CAPEC-473,0.00229167
CWE-94,CAPEC-231,0.00229167
CWE-94,CAPEC-46,0.00229167
CWE-94,CAPEC-45,0.00229167
CWE-94,CAPEC-43,0.00229167
CWE-94,CAPEC-42,0.00229167
CWE-94,CAPEC-31,0.00229167
CWE-94,CAPEC-3,0.00229167
CWE-94,CAPEC-28,0.00229167
CWE-94,CAPEC-267,0.00229167
CWE-94,CAPEC-265,0.00229167
CWE-94,CAPEC-264,0.00229167
CWE-94,CAPEC-250,0.00229167
CWE-94,CAPEC-79,0.00229167
CWE-78,CAPEC-22,0.00203874
CWE-59,CAPEC-26,0.00171625
CWE-59,CAPEC-29,0.00171625
CWE-264,CAPEC-15,0.00161551
CWE-264,CAPEC-247,0.00161551
CWE-264,CAPEC-6,0.00161551
CWE-264,CAPEC-19,0.00161551
CWE-264,CAPEC-198,0.00161551
CWE-264,CAPEC-209,0.00161551
CWE-264,CAPEC-246,0.00161551
CWE-264,CAPEC-245,0.00161551
CWE-264,CAPEC-243,0.00161551
CWE-264,CAPEC-232,0.00161551
CWE-362,CAPEC-59,0.00140252
CWE-362,CAPEC-22,0.00140252
CWE-362,CAPEC-79,0.00140252
CWE-362,CAPEC-60,0.00140252
CWE-362,CAPEC-169,0.00140252
CWE-362,CAPEC-472,0.00140252
CWE-362,CAPEC-13,0.00140252
CWE-399,CAPEC-60,0.00129702
CWE-399,CAPEC-169,0.00129702
CWE-399,CAPEC-59,0.00129702
CWE-399,CAPEC-472,0.00129702
CWE-78,CAPEC-57,0.00101937
CWE-78,CAPEC-59,0.00101937
CWE-78,CAPEC-472,0.00101937
CWE-78,CAPEC-13,0.00101937
CWE-78,CAPEC-114,0.00101937
CWE-78,CAPEC-169,0.00101937
CWE-78,CAPEC-60,0.00101937
CWE-78,CAPEC-94,0.00101937
CWE-78,CAPEC-79,0.00101937
CWE-22,CAPEC-22,0.000604778
CWE-59,CAPEC-473,0.000572082
CWE-59,CAPEC-136,0.000572082
CWE-59,CAPEC-42,0.000572082
CWE-59,CAPEC-86,0.000572082
CWE-59,CAPEC-484,0.000572082
CWE-59,CAPEC-32,0.000572082
CWE-59,CAPEC-88,0.000572082
CWE-59,CAPEC-9,0.000572082
CWE-59,CAPEC-91,0.000572082
CWE-59,CAPEC-52,0.000572082
CWE-59,CAPEC-13,0.000572082
CWE-59,CAPEC-31,0.000572082
CWE-59,CAPEC-99,0.000572082
CWE-59,CAPEC-3,0.000572082
CWE-59,CAPEC-14,0.000572082
CWE-59,CAPEC-135,0.000572082
CWE-59,CAPEC-139,0.000572082
CWE-59,CAPEC-7,0.000572082
CWE-59,CAPEC-267,0.000572082
CWE-59,CAPEC-265,0.000572082
CWE-59,CAPEC-264,0.000572082
CWE-59,CAPEC-250,0.000572082
CWE-59,CAPEC-53,0.000572082
CWE-59,CAPEC-28,0.000572082
CWE-59,CAPEC-244,0.000572082
CWE-59,CAPEC-63,0.000572082
CWE-59,CAPEC-24,0.000572082
CWE-59,CAPEC-64,0.000572082
CWE-59,CAPEC-66,0.000572082
CWE-59,CAPEC-67,0.000572082
CWE-59,CAPEC-231,0.000572082
CWE-59,CAPEC-230,0.000572082
CWE-59,CAPEC-171,0.000572082
CWE-59,CAPEC-22,0.000572082
CWE-59,CAPEC-71,0.000572082
CWE-59,CAPEC-72,0.000572082
CWE-59,CAPEC-73,0.000572082
CWE-59,CAPEC-78,0.000572082
CWE-59,CAPEC-79,0.000572082
CWE-59,CAPEC-8,0.000572082
CWE-59,CAPEC-80,0.000572082
CWE-59,CAPEC-199,0.000572082
CWE-59,CAPEC-81,0.000572082
CWE-59,CAPEC-83,0.000572082
CWE-59,CAPEC-182,0.000572082
CWE-59,CAPEC-85,0.000572082
CWE-59,CAPEC-18,0.000572082
CWE-59,CAPEC-104,0.000572082
CWE-59,CAPEC-101,0.000572082
CWE-59,CAPEC-106,0.000572082
CWE-59,CAPEC-47,0.000572082
CWE-59,CAPEC-46,0.000572082
CWE-59,CAPEC-109,0.000572082
CWE-59,CAPEC-108,0.000572082
CWE-59,CAPEC-10,0.000572082
CWE-59,CAPEC-45,0.000572082
CWE-59,CAPEC-110,0.000572082
CWE-59,CAPEC-43,0.000572082
CWE-22,CAPEC-13,0.000529181
CWE-94,CAPEC-198,0.000416667
CWE-94,CAPEC-247,0.000416667
CWE-94,CAPEC-246,0.000416667
CWE-94,CAPEC-245,0.000416667
CWE-94,CAPEC-243,0.000416667
CWE-94,CAPEC-232,0.000416667
CWE-94,CAPEC-19,0.000416667
CWE-94,CAPEC-209,0.000416667
CWE-22,CAPEC-72,0.000377986
CWE-22,CAPEC-230,0.000377986
CWE-22,CAPEC-73,0.000377986
CWE-22,CAPEC-231,0.000377986
CWE-22,CAPEC-71,0.000377986
CWE-22,CAPEC-24,0.000377986
CWE-22,CAPEC-14,0.000377986
CWE-22,CAPEC-110,0.000377986
CWE-22,CAPEC-199,0.000377986
CWE-22,CAPEC-8,0.000377986
CWE-22,CAPEC-80,0.000377986
CWE-22,CAPEC-81,0.000377986
CWE-22,CAPEC-91,0.000377986
CWE-22,CAPEC-135,0.000377986
CWE-22,CAPEC-182,0.000377986
CWE-22,CAPEC-136,0.000377986
CWE-22,CAPEC-18,0.000377986
CWE-22,CAPEC-83,0.000377986
CWE-22,CAPEC-171,0.000377986
CWE-22,CAPEC-9,0.000377986
CWE-22,CAPEC-85,0.000377986
CWE-22,CAPEC-86,0.000377986
CWE-22,CAPEC-88,0.000377986
CWE-22,CAPEC-244,0.000377986
CWE-22,CAPEC-10,0.000377986
CWE-22,CAPEC-473,0.000377986
CWE-22,CAPEC-484,0.000377986
CWE-22,CAPEC-47,0.000377986
CWE-22,CAPEC-46,0.000377986
CWE-22,CAPEC-45,0.000377986
CWE-22,CAPEC-52,0.000377986
CWE-22,CAPEC-43,0.000377986
CWE-22,CAPEC-42,0.000377986
CWE-22,CAPEC-101,0.000377986
CWE-22,CAPEC-104,0.000377986
CWE-22,CAPEC-106,0.000377986
CWE-22,CAPEC-108,0.000377986
CWE-22,CAPEC-53,0.000377986
CWE-22,CAPEC-109,0.000377986
CWE-22,CAPEC-32,0.000377986
CWE-22,CAPEC-31,0.000377986
CWE-22,CAPEC-3,0.000377986
CWE-22,CAPEC-99,0.000377986
CWE-22,CAPEC-28,0.000377986
CWE-22,CAPEC-267,0.000377986
CWE-22,CAPEC-265,0.000377986
CWE-22,CAPEC-264,0.000377986
CWE-22,CAPEC-250,0.000377986
CWE-22,CAPEC-63,0.000377986
CWE-22,CAPEC-66,0.000377986
CWE-22,CAPEC-67,0.000377986
CWE-22,CAPEC-7,0.000377986
CWE-119,CAPEC-13,0.000286545
CWE-119,CAPEC-22,0.000286545
CWE-119,CAPEC-79,0.000286545
CWE-287,CAPEC-472,0.000255754
CWE-287,CAPEC-59,0.000255754
CWE-287,CAPEC-60,0.000255754
CWE-287,CAPEC-13,0.000255754
CWE-287,CAPEC-169,0.000255754
CWE-287,CAPEC-79,0.000255754
CWE-22,CAPEC-77,0.000226792
CWE-22,CAPEC-35,0.000226792
CWE-94,CAPEC-29,0.000208333
CWE-94,CAPEC-26,0.000208333
CWE-119,CAPEC-91,0.000204675
CWE-119,CAPEC-106,0.000204675
CWE-119,CAPEC-86,0.000204675
CWE-119,CAPEC-85,0.000204675
CWE-119,CAPEC-32,0.000204675
CWE-119,CAPEC-63,0.000204675
CWE-119,CAPEC-244,0.000204675
CWE-119,CAPEC-199,0.000204675
CWE-119,CAPEC-18,0.000204675
CWE-119,CAPEC-484,0.00019103
CWE-119,CAPEC-66,0.00019103
CWE-119,CAPEC-52,0.00019103
CWE-119,CAPEC-53,0.00019103
CWE-119,CAPEC-64,0.00019103
CWE-119,CAPEC-101,0.00019103
CWE-119,CAPEC-67,0.00019103
CWE-119,CAPEC-7,0.00019103
CWE-119,CAPEC-71,0.00019103
CWE-119,CAPEC-72,0.00019103
CWE-119,CAPEC-73,0.00019103
CWE-119,CAPEC-78,0.00019103
CWE-119,CAPEC-80,0.00019103
CWE-119,CAPEC-81,0.00019103
CWE-119,CAPEC-99,0.00019103
CWE-119,CAPEC-83,0.00019103
CWE-119,CAPEC-88,0.00019103
CWE-119,CAPEC-109,0.00019103
CWE-119,CAPEC-104,0.00019103
CWE-119,CAPEC-136,0.00019103
CWE-119,CAPEC-267,0.00019103
CWE-119,CAPEC-265,0.00019103
CWE-119,CAPEC-473,0.00019103
CWE-119,CAPEC-171,0.00019103
CWE-119,CAPEC-108,0.00019103
CWE-119,CAPEC-28,0.00019103
CWE-119,CAPEC-135,0.00019103
CWE-119,CAPEC-230,0.00019103
CWE-119,CAPEC-231,0.00019103
CWE-119,CAPEC-264,0.00019103
CWE-119,CAPEC-110,0.00019103
CWE-119,CAPEC-250,0.00019103
CWE-119,CAPEC-43,0.00019103
CWE-119,CAPEC-139,0.00019103
CWE-119,CAPEC-3,0.00019103
CWE-119,CAPEC-31,0.00019103
CWE-119,CAPEC-182,0.00019103
CWE-22,CAPEC-472,0.000151194
CWE-22,CAPEC-59,0.000151194
CWE-22,CAPEC-60,0.000151194
CWE-22,CAPEC-169,0.000151194
CWE-119,CAPEC-169,9.55149e-05
CWE-119,CAPEC-472,9.55149e-05
CWE-119,CAPEC-59,9.55149e-05
CWE-119,CAPEC-60,9.55149e-05
CWE-22,CAPEC-57,7.55972e-05
CWE-22,CAPEC-114,7.55972e-05
CWE-22,CAPEC-94,7.55972e-05
CWE-200,CAPEC-243,5.75175e-05
CWE-200,CAPEC-232,5.75175e-05
CWE-200,CAPEC-199,5.75175e-05
CWE-200,CAPEC-85,5.75175e-05
CWE-200,CAPEC-209,5.75175e-05
CWE-200,CAPEC-244,5.75175e-05
CWE-200,CAPEC-245,5.75175e-05
CWE-200,CAPEC-86,5.75175e-05
CWE-200,CAPEC-246,5.75175e-05
CWE-200,CAPEC-198,5.75175e-05
CWE-200,CAPEC-247,5.75175e-05
CWE-200,CAPEC-26,5.75175e-05
CWE-200,CAPEC-63,5.75175e-05
CWE-200,CAPEC-29,5.75175e-05
CWE-200,CAPEC-19,5.75175e-05
CWE-200,CAPEC-91,5.75175e-05
CWE-200,CAPEC-32,5.75175e-05
CWE-200,CAPEC-18,5.75175e-05
CWE-200,CAPEC-106,5.75175e-05
CWE-119,CAPEC-26,5.45799e-05
CWE-119,CAPEC-29,5.45799e-05
CWE-89,CAPEC-15,4.03177e-05
CWE-89,CAPEC-79,4.03177e-05
CWE-89,CAPEC-169,4.03177e-05
CWE-89,CAPEC-13,4.03177e-05
CWE-89,CAPEC-22,4.03177e-05
CWE-89,CAPEC-43,4.03177e-05
CWE-89,CAPEC-472,4.03177e-05
CWE-89,CAPEC-6,4.03177e-05
CWE-89,CAPEC-60,4.03177e-05
CWE-89,CAPEC-59,4.03177e-05
CWE-89,CAPEC-88,4.03177e-05
CWE-20,CAPEC-100,3.29229e-05
CWE-20,CAPEC-44,3.29229e-05
CWE-20,CAPEC-60,2.82196e-05
CWE-20,CAPEC-169,2.82196e-05
CWE-20,CAPEC-59,2.82196e-05
CWE-20,CAPEC-472,2.82196e-05
CWE-119,CAPEC-77,2.729e-05
CWE-119,CAPEC-35,2.729e-05
CWE-20,CAPEC-470,1.88131e-05
CWE-119,CAPEC-198,1.3645e-05
CWE-119,CAPEC-209,1.3645e-05
CWE-119,CAPEC-243,1.3645e-05
CWE-119,CAPEC-245,1.3645e-05
CWE-119,CAPEC-232,1.3645e-05
CWE-119,CAPEC-246,1.3645e-05
CWE-119,CAPEC-247,1.3645e-05
CWE-119,CAPEC-19,1.3645e-05
CWE-20,CAPEC-94,9.40654e-06
CWE-20,CAPEC-114,9.40654e-06
CWE-20,CAPEC-57,9.40654e-06
CWE-79,CAPEC-29,9.22416e-06
CWE-79,CAPEC-26,9.22416e-06
CWE-362,CAPEC-42,0
CWE-362,CAPEC-386,0
CWE-362,CAPEC-40,0
CWE-362,CAPEC-110,0
CWE-362,CAPEC-4,0
CWE-362,CAPEC-111,0
CWE-362,CAPEC-389,0
CWE-310,CAPEC-40,0
CWE-362,CAPEC-114,0
CWE-362,CAPEC-388,0
CWE-362,CAPEC-132,0
CWE-362,CAPEC-135,0
CWE-362,CAPEC-136,0
CWE-134,CAPEC-273,0
CWE-362,CAPEC-139,0
CWE-134,CAPEC-28,0
CWE-362,CAPEC-387,0
CWE-362,CAPEC-14,0
CWE-361,CAPEC-99,0
CWE-362,CAPEC-106,0
CWE-362,CAPEC-232,0
CWE-362,CAPEC-484,0
CWE-362,CAPEC-474,0
CWE-362,CAPEC-473,0
CWE-362,CAPEC-10,0
CWE-362,CAPEC-100,0
CWE-362,CAPEC-101,0
CWE-134,CAPEC-267,0
CWE-362,CAPEC-104,0
CWE-362,CAPEC-43,0
CWE-362,CAPEC-108,0
CWE-362,CAPEC-470,0
CWE-362,CAPEC-47,0
CWE-362,CAPEC-46,0
CWE-362,CAPEC-109,0
CWE-362,CAPEC-45,0
CWE-362,CAPEC-44,0
CWE-362,CAPEC-11,0
CWE-362,CAPEC-23,0
CWE-362,CAPEC-273,0
CWE-362,CAPEC-267,0
CWE-362,CAPEC-265,0
CWE-362,CAPEC-209,0
CWE-362,CAPEC-213,0
CWE-362,CAPEC-264,0
CWE-16,CAPEC-10,0
CWE-362,CAPEC-250,0
CWE-362,CAPEC-218,0
CWE-362,CAPEC-28,0
CWE-399,CAPEC-84,0
CWE-362,CAPEC-247,0
CWE-362,CAPEC-246,0
CWE-362,CAPEC-245,0
CWE-362,CAPEC-244,0
CWE-362,CAPEC-230,0
CWE-362,CAPEC-231,0
CWE-362,CAPEC-243,0
CWE-362,CAPEC-24,0
CWE-134,CAPEC-29,0
CWE-362,CAPEC-141,0
CWE-362,CAPEC-384,0
CWE-362,CAPEC-35,0
CWE-362,CAPEC-34,0
CWE-362,CAPEC-32,0
CWE-362,CAPEC-142,0
CWE-362,CAPEC-15,0
CWE-362,CAPEC-17,0
CWE-362,CAPEC-171,0
CWE-362,CAPEC-385,0
CWE-362,CAPEC-18,0
CWE-362,CAPEC-182,0
CWE-362,CAPEC-19,0
CWE-362,CAPEC-31,0
CWE-362,CAPEC-198,0
CWE-362,CAPEC-199,0
CWE-362,CAPEC-3,0
CWE-134,CAPEC-99,0
CWE-399,CAPEC-26,0
CWE-399,CAPEC-384,0
CWE-399,CAPEC-76,0
CWE-399,CAPEC-77,0
CWE-399,CAPEC-35,0
CWE-134,CAPEC-384,0
CWE-399,CAPEC-34,0
CWE-134,CAPEC-51,0
CWE-134,CAPEC-52,0
CWE-134,CAPEC-53,0
CWE-399,CAPEC-29,0
CWE-134,CAPEC-57,0
CWE-399,CAPEC-273,0
CWE-134,CAPEC-59,0
CWE-134,CAPEC-6,0
CWE-134,CAPEC-60,0
CWE-399,CAPEC-75,0
CWE-134,CAPEC-63,0
CWE-399,CAPEC-247,0
CWE-399,CAPEC-246,0
CWE-399,CAPEC-245,0
CWE-134,CAPEC-64,0
CWE-399,CAPEC-243,0
CWE-134,CAPEC-66,0
CWE-399,CAPEC-232,0
CWE-134,CAPEC-7,0
CWE-134,CAPEC-71,0
CWE-399,CAPEC-23,0
CWE-134,CAPEC-72,0
CWE-399,CAPEC-218,0
CWE-399,CAPEC-213,0
CWE-399,CAPEC-40,0
CWE-134,CAPEC-47,0
CWE-399,CAPEC-470,0
CWE-134,CAPEC-46,0
CWE-134,CAPEC-470,0
CWE-399,CAPEC-474,0
CWE-134,CAPEC-45,0
CWE-399,CAPEC-51,0
CWE-134,CAPEC-472,0
CWE-134,CAPEC-473,0
CWE-134,CAPEC-44,0
CWE-134,CAPEC-474,0
CWE-134,CAPEC-43,0
CWE-399,CAPEC-57,0
CWE-134,CAPEC-484,0
CWE-399,CAPEC-6,0
CWE-399,CAPEC-209,0
CWE-399,CAPEC-4,0
CWE-399,CAPEC-389,0
CWE-134,CAPEC-42,0
CWE-399,CAPEC-388,0
CWE-134,CAPEC-40,0
CWE-134,CAPEC-4,0
CWE-134,CAPEC-389,0
CWE-134,CAPEC-388,0
CWE-399,CAPEC-387,0
CWE-399,CAPEC-386,0
CWE-399,CAPEC-385,0
CWE-134,CAPEC-387,0
CWE-134,CAPEC-386,0
CWE-134,CAPEC-385,0
CWE-362,CAPEC-77,0
CWE-134,CAPEC-94,0
CWE-362,CAPEC-99,0
CWE-362,CAPEC-94,0
CWE-362,CAPEC-91,0
CWE-362,CAPEC-9,0
CWE-362,CAPEC-88,0
CWE-362,CAPEC-86,0
CWE-362,CAPEC-85,0
CWE-362,CAPEC-84,0
CWE-134,CAPEC-3,0
CWE-362,CAPEC-83,0
CWE-362,CAPEC-81,0
CWE-362,CAPEC-80,0
CWE-362,CAPEC-8,0
CWE-362,CAPEC-78,0
CWE-134,CAPEC-91,0
CWE-362,CAPEC-76,0
CWE-362,CAPEC-75,0
CWE-362,CAPEC-73,0
CWE-362,CAPEC-72,0
CWE-362,CAPEC-71,0
CWE-362,CAPEC-7,0
CWE-362,CAPEC-67,0
CWE-362,CAPEC-66,0
CWE-362,CAPEC-64,0
CWE-362,CAPEC-63,0
CWE-362,CAPEC-6,0
CWE-362,CAPEC-57,0
CWE-362,CAPEC-53,0
CWE-362,CAPEC-52,0
CWE-134,CAPEC-78,0
CWE-134,CAPEC-73,0
CWE-399,CAPEC-198,0
CWE-399,CAPEC-19,0
CWE-134,CAPEC-75,0
CWE-134,CAPEC-35,0
CWE-134,CAPEC-34,0
CWE-134,CAPEC-32,0
CWE-134,CAPEC-76,0
CWE-134,CAPEC-31,0
CWE-134,CAPEC-77,0
CWE-399,CAPEC-17,0
CWE-399,CAPEC-15,0
CWE-399,CAPEC-142,0
CWE-399,CAPEC-141,0
CWE-362,CAPEC-51,0
CWE-134,CAPEC-79,0
CWE-134,CAPEC-8,0
CWE-134,CAPEC-80,0
CWE-399,CAPEC-132,0
CWE-134,CAPEC-81,0
CWE-399,CAPEC-114,0
CWE-399,CAPEC-111,0
CWE-134,CAPEC-83,0
CWE-399,CAPEC-11,0
CWE-134,CAPEC-84,0
CWE-134,CAPEC-85,0
CWE-134,CAPEC-86,0
CWE-134,CAPEC-88,0
CWE-134,CAPEC-9,0
CWE-345,CAPEC-60,0
CWE-345,CAPEC-470,0
CWE-345,CAPEC-472,0
CWE-345,CAPEC-473,0
CWE-345,CAPEC-474,0
CWE-345,CAPEC-484,0
CWE-345,CAPEC-51,0
CWE-345,CAPEC-52,0
CWE-345,CAPEC-53,0
CWE-345,CAPEC-57,0
CWE-345,CAPEC-59,0
CWE-345,CAPEC-6,0
CWE-345,CAPEC-47,0
CWE-345,CAPEC-63,0
CWE-345,CAPEC-64,0
CWE-345,CAPEC-66,0
CWE-345,CAPEC-67,0
CWE-345,CAPEC-7,0
CWE-345,CAPEC-71,0
CWE-345,CAPEC-72,0
CWE-345,CAPEC-73,0
CWE-345,CAPEC-75,0
CWE-345,CAPEC-76,0
CWE-16,CAPEC-171,0
CWE-345,CAPEC-267,0
CWE-345,CAPEC-273,0
CWE-345,CAPEC-28,0
CWE-345,CAPEC-29,0
CWE-345,CAPEC-3,0
CWE-345,CAPEC-31,0
CWE-345,CAPEC-32,0
CWE-345,CAPEC-34,0
CWE-345,CAPEC-35,0
CWE-16,CAPEC-182,0
CWE-16,CAPEC-18,0
CWE-345,CAPEC-77,0
CWE-16,CAPEC-17,0
CWE-16,CAPEC-169,0
CWE-16,CAPEC-15,0
CWE-16,CAPEC-142,0
CWE-345,CAPEC-40,0
CWE-345,CAPEC-42,0
CWE-345,CAPEC-43,0
CWE-345,CAPEC-44,0
CWE-345,CAPEC-45,0
CWE-345,CAPEC-46,0
CWE-16,CAPEC-135,0
CWE-16,CAPEC-139,0
CWE-352,CAPEC-111,0
CWE-352,CAPEC-114,0
CWE-16,CAPEC-136,0
CWE-352,CAPEC-132,0
CWE-352,CAPEC-135,0
CWE-352,CAPEC-136,0
CWE-352,CAPEC-139,0
CWE-352,CAPEC-14,0
CWE-352,CAPEC-141,0
CWE-352,CAPEC-142,0
CWE-352,CAPEC-11,0
CWE-16,CAPEC-132,0
CWE-352,CAPEC-17,0
CWE-352,CAPEC-171,0
CWE-352,CAPEC-18,0
CWE-352,CAPEC-182,0
CWE-352,CAPEC-19,0
CWE-352,CAPEC-198,0
CWE-352,CAPEC-199,0
CWE-352,CAPEC-209,0
CWE-352,CAPEC-213,0
CWE-345,CAPEC-9,0
CWE-345,CAPEC-78,0
CWE-345,CAPEC-79,0
CWE-345,CAPEC-8,0
CWE-345,CAPEC-80,0
CWE-345,CAPEC-81,0
CWE-345,CAPEC-83,0
CWE-345,CAPEC-84,0
CWE-345,CAPEC-85,0
CWE-345,CAPEC-86,0
CWE-345,CAPEC-88,0
CWE-345,CAPEC-265,0
CWE-345,CAPEC-91,0
CWE-345,CAPEC-94,0
CWE-345,CAPEC-99,0
CWE-352,CAPEC-10,0
CWE-352,CAPEC-100,0
CWE-352,CAPEC-101,0
CWE-352,CAPEC-104,0
CWE-352,CAPEC-106,0
CWE-16,CAPEC-141,0
CWE-16,CAPEC-14,0
CWE-310,CAPEC-80,0
CWE-310,CAPEC-67,0
CWE-310,CAPEC-7,0
CWE-310,CAPEC-71,0
CWE-310,CAPEC-72,0
CWE-310,CAPEC-73,0
CWE-310,CAPEC-75,0
CWE-310,CAPEC-76,0
CWE-310,CAPEC-77,0
CWE-310,CAPEC-78,0
CWE-16,CAPEC-22,0
CWE-310,CAPEC-8,0
CWE-310,CAPEC-66,0
CWE-310,CAPEC-81,0
CWE-310,CAPEC-83,0
CWE-310,CAPEC-84,0
CWE-310,CAPEC-85,0
CWE-310,CAPEC-86,0
CWE-310,CAPEC-88,0
CWE-310,CAPEC-9,0
CWE-310,CAPEC-91,0
CWE-16,CAPEC-218,0
CWE-310,CAPEC-99,0
CWE-310,CAPEC-474,0
CWE-310,CAPEC-11,0
CWE-310,CAPEC-42,0
CWE-310,CAPEC-43,0
CWE-310,CAPEC-44,0
CWE-310,CAPEC-45,0
CWE-310,CAPEC-46,0
CWE-310,CAPEC-47,0
CWE-310,CAPEC-470,0
CWE-16,CAPEC-232,0
CWE-310,CAPEC-473,0
CWE-345,CAPEC-10,0
CWE-310,CAPEC-484,0
CWE-310,CAPEC-51,0
CWE-310,CAPEC-52,0
CWE-310,CAPEC-53,0
CWE-16,CAPEC-231,0
CWE-16,CAPEC-230,0
CWE-310,CAPEC-6,0
CWE-16,CAPEC-23,0
CWE-310,CAPEC-63,0
CWE-310,CAPEC-64,0
CWE-345,CAPEC-231,0
CWE-345,CAPEC-18,0
CWE-345,CAPEC-182,0
CWE-345,CAPEC-19,0
CWE-345,CAPEC-198,0
CWE-345,CAPEC-199,0
CWE-16,CAPEC-198,0
CWE-345,CAPEC-213,0
CWE-16,CAPEC-19,0
CWE-345,CAPEC-22,0
CWE-345,CAPEC-23,0
CWE-345,CAPEC-230,0
CWE-345,CAPEC-171,0
CWE-345,CAPEC-232,0
CWE-345,CAPEC-24,0
CWE-345,CAPEC-243,0
CWE-345,CAPEC-244,0
CWE-345,CAPEC-245,0
CWE-345,CAPEC-246,0
CWE-345,CAPEC-247,0
CWE-345,CAPEC-250,0
CWE-345,CAPEC-26,0
CWE-345,CAPEC-264,0
CWE-345,CAPEC-13,0
CWE-345,CAPEC-100,0
CWE-345,CAPEC-101,0
CWE-345,CAPEC-104,0
CWE-345,CAPEC-106,0
CWE-345,CAPEC-108,0
CWE-345,CAPEC-109,0
CWE-345,CAPEC-11,0
CWE-345,CAPEC-110,0
CWE-16,CAPEC-213,0
CWE-345,CAPEC-114,0
CWE-352,CAPEC-218,0
CWE-345,CAPEC-132,0
CWE-345,CAPEC-135,0
CWE-345,CAPEC-136,0
CWE-345,CAPEC-139,0
CWE-345,CAPEC-14,0
CWE-16,CAPEC-209,0
CWE-16,CAPEC-199,0
CWE-345,CAPEC-15,0
CWE-345,CAPEC-169,0
CWE-345,CAPEC-17,0
CWE-361,CAPEC-28,0
CWE-361,CAPEC-243,0
CWE-361,CAPEC-244,0
CWE-361,CAPEC-245,0
CWE-361,CAPEC-246,0
CWE-361,CAPEC-247,0
CWE-361,CAPEC-250,0
CWE-361,CAPEC-26,0
CWE-361,CAPEC-264,0
CWE-361,CAPEC-265,0
CWE-361,CAPEC-267,0
CWE-361,CAPEC-273,0
CWE-361,CAPEC-24,0
CWE-361,CAPEC-29,0
CWE-361,CAPEC-3,0
CWE-361,CAPEC-31,0
CWE-361,CAPEC-32,0
CWE-361,CAPEC-34,0
CWE-361,CAPEC-35,0
CWE-361,CAPEC-384,0
CWE-361,CAPEC-385,0
CWE-361,CAPEC-386,0
CWE-361,CAPEC-387,0
CWE-361,CAPEC-19,0
CWE-361,CAPEC-139,0
CWE-361,CAPEC-14,0
CWE-361,CAPEC-141,0
CWE-361,CAPEC-142,0
CWE-361,CAPEC-15,0
CWE-361,CAPEC-169,0
CWE-361,CAPEC-17,0
CWE-361,CAPEC-171,0
CWE-361,CAPEC-18,0
CWE-361,CAPEC-182,0
CWE-361,CAPEC-388,0
CWE-361,CAPEC-198,0
CWE-361,CAPEC-199,0
CWE-361,CAPEC-209,0
CWE-361,CAPEC-213,0
CWE-361,CAPEC-218,0
CWE-361,CAPEC-22,0
CWE-361,CAPEC-23,0
CWE-361,CAPEC-230,0
CWE-361,CAPEC-231,0
CWE-361,CAPEC-232,0
CWE-361,CAPEC-79,0
CWE-361,CAPEC-64,0
CWE-361,CAPEC-66,0
CWE-361,CAPEC-67,0
CWE-361,CAPEC-7,0
CWE-361,CAPEC-71,0
CWE-361,CAPEC-72,0
CWE-361,CAPEC-73,0
CWE-361,CAPEC-75,0
CWE-361,CAPEC-76,0
CWE-361,CAPEC-77,0
CWE-361,CAPEC-78,0
CWE-361,CAPEC-63,0
CWE-361,CAPEC-8,0
CWE-361,CAPEC-80,0
CWE-361,CAPEC-81,0
CWE-361,CAPEC-83,0
CWE-361,CAPEC-84,0
CWE-361,CAPEC-85,0
CWE-361,CAPEC-86,0
CWE-361,CAPEC-88,0
CWE-361,CAPEC-9,0
CWE-361,CAPEC-91,0
CWE-361,CAPEC-472,0
CWE-361,CAPEC-389,0
CWE-361,CAPEC-4,0
CWE-361,CAPEC-40,0
CWE-361,CAPEC-42,0
CWE-361,CAPEC-43,0
CWE-361,CAPEC-44,0
CWE-361,CAPEC-45,0
CWE-361,CAPEC-46,0
CWE-361,CAPEC-47,0
CWE-361,CAPEC-470,0
CWE-361,CAPEC-136,0
CWE-361,CAPEC-473,0
CWE-361,CAPEC-474,0
CWE-361,CAPEC-484,0
CWE-361,CAPEC-51,0
CWE-361,CAPEC-52,0
CWE-361,CAPEC-53,0
CWE-361,CAPEC-57,0
CWE-361,CAPEC-59,0
CWE-361,CAPEC-6,0
CWE-361,CAPEC-60,0
CWE-16,CAPEC-114,0
CWE-352,CAPEC-34,0
CWE-352,CAPEC-35,0
CWE-352,CAPEC-384,0
CWE-352,CAPEC-385,0
CWE-352,CAPEC-386,0
CWE-352,CAPEC-387,0
CWE-352,CAPEC-388,0
CWE-352,CAPEC-389,0
CWE-352,CAPEC-4,0
CWE-352,CAPEC-40,0
CWE-352,CAPEC-42,0
CWE-352,CAPEC-32,0
CWE-352,CAPEC-44,0
CWE-352,CAPEC-45,0
CWE-352,CAPEC-46,0
CWE-352,CAPEC-47,0
CWE-16,CAPEC-111,0
CWE-16,CAPEC-110,0
CWE-352,CAPEC-473,0
CWE-352,CAPEC-474,0
CWE-352,CAPEC-484,0
CWE-352,CAPEC-51,0
CWE-352,CAPEC-247,0
CWE-16,CAPEC-13,0
CWE-352,CAPEC-23,0
CWE-352,CAPEC-230,0
CWE-352,CAPEC-231,0
CWE-352,CAPEC-232,0
CWE-352,CAPEC-24,0
CWE-352,CAPEC-243,0
CWE-352,CAPEC-244,0
CWE-352,CAPEC-245,0
CWE-352,CAPEC-246,0
CWE-352,CAPEC-52,0
CWE-352,CAPEC-250,0
CWE-352,CAPEC-26,0
CWE-352,CAPEC-264,0
CWE-352,CAPEC-265,0
CWE-352,CAPEC-267,0
CWE-352,CAPEC-273,0
CWE-352,CAPEC-28,0
CWE-352,CAPEC-29,0
CWE-352,CAPEC-3,0
CWE-352,CAPEC-31,0
CWE-361,CAPEC-104,0
CWE-352,CAPEC-84,0
CWE-352,CAPEC-85,0
CWE-352,CAPEC-86,0
CWE-16,CAPEC-100,0
CWE-352,CAPEC-9,0
CWE-352,CAPEC-91,0
CWE-352,CAPEC-94,0
CWE-352,CAPEC-99,0
CWE-361,CAPEC-10,0
CWE-361,CAPEC-100,0
CWE-361,CAPEC-101,0
CWE-352,CAPEC-83,0
CWE-361,CAPEC-106,0
CWE-361,CAPEC-108,0
CWE-361,CAPEC-109,0
CWE-361,CAPEC-11,0
CWE-361,CAPEC-110,0
CWE-361,CAPEC-111,0
CWE-361,CAPEC-114,0
CWE-361,CAPEC-13,0
CWE-361,CAPEC-132,0
CWE-361,CAPEC-135,0
CWE-352,CAPEC-71,0
CWE-352,CAPEC-53,0
CWE-352,CAPEC-57,0
CWE-16,CAPEC-11,0
CWE-16,CAPEC-109,0
CWE-16,CAPEC-108,0
CWE-352,CAPEC-63,0
CWE-352,CAPEC-64,0
CWE-16,CAPEC-106,0
CWE-352,CAPEC-67,0
CWE-16,CAPEC-104,0
CWE-361,CAPEC-94,0
CWE-352,CAPEC-72,0
CWE-352,CAPEC-73,0
CWE-352,CAPEC-75,0
CWE-352,CAPEC-76,0
CWE-352,CAPEC-77,0
CWE-352,CAPEC-78,0
CWE-16,CAPEC-101,0
CWE-352,CAPEC-8,0
CWE-352,CAPEC-80,0
CWE-352,CAPEC-81,0
CWE-79,CAPEC-388,0
CWE-79,CAPEC-3,0
CWE-79,CAPEC-31,0
CWE-119,CAPEC-6,0
CWE-79,CAPEC-34,0
CWE-79,CAPEC-35,0
CWE-79,CAPEC-384,0
CWE-79,CAPEC-385,0
CWE-79,CAPEC-386,0
CWE-79,CAPEC-387,0
CWE-79,CAPEC-28,0
CWE-79,CAPEC-389,0
CWE-79,CAPEC-4,0
CWE-79,CAPEC-40,0
CWE-79,CAPEC-42,0
CWE-79,CAPEC-43,0
CWE-79,CAPEC-44,0
CWE-79,CAPEC-45,0
CWE-79,CAPEC-46,0
CWE-79,CAPEC-23,0
CWE-79,CAPEC-17,0
CWE-79,CAPEC-171,0
CWE-119,CAPEC-76,0
CWE-79,CAPEC-182,0
CWE-119,CAPEC-75,0
CWE-79,CAPEC-213,0
CWE-79,CAPEC-218,0
CWE-79,CAPEC-22,0
CWE-79,CAPEC-47,0
CWE-79,CAPEC-230,0
CWE-79,CAPEC-231,0
CWE-79,CAPEC-24,0
CWE-79,CAPEC-250,0
CWE-79,CAPEC-264,0
CWE-79,CAPEC-265,0
CWE-79,CAPEC-267,0
CWE-79,CAPEC-273,0
CWE-79,CAPEC-83,0
CWE-79,CAPEC-73,0
CWE-79,CAPEC-75,0
CWE-79,CAPEC-76,0
CWE-79,CAPEC-77,0
CWE-79,CAPEC-78,0
CWE-79,CAPEC-79,0
CWE-79,CAPEC-8,0
CWE-79,CAPEC-80,0
CWE-79,CAPEC-81,0
CWE-79,CAPEC-72,0
CWE-79,CAPEC-84,0
CWE-119,CAPEC-57,0
CWE-79,CAPEC-88,0
CWE-79,CAPEC-9,0
CWE-79,CAPEC-94,0
CWE-79,CAPEC-99,0
CWE-89,CAPEC-10,0
CWE-89,CAPEC-100,0
CWE-79,CAPEC-57,0
CWE-79,CAPEC-470,0
CWE-79,CAPEC-472,0
CWE-79,CAPEC-473,0
CWE-79,CAPEC-474,0
CWE-79,CAPEC-484,0
CWE-79,CAPEC-51,0
CWE-79,CAPEC-52,0
CWE-79,CAPEC-53,0
CWE-79,CAPEC-169,0
CWE-79,CAPEC-59,0
CWE-79,CAPEC-6,0
CWE-79,CAPEC-60,0
CWE-79,CAPEC-64,0
CWE-79,CAPEC-66,0
CWE-79,CAPEC-67,0
CWE-79,CAPEC-7,0
CWE-79,CAPEC-71,0
CWE-78,CAPEC-484,0
CWE-78,CAPEC-40,0
CWE-78,CAPEC-42,0
CWE-78,CAPEC-44,0
CWE-78,CAPEC-45,0
CWE-78,CAPEC-46,0
CWE-78,CAPEC-47,0
CWE-78,CAPEC-470,0
CWE-78,CAPEC-473,0
CWE-78,CAPEC-474,0
CWE-78,CAPEC-4,0
CWE-78,CAPEC-51,0
CWE-78,CAPEC-52,0
CWE-78,CAPEC-53,0
CWE-78,CAPEC-63,0
CWE-78,CAPEC-64,0
CWE-78,CAPEC-66,0
CWE-78,CAPEC-67,0
CWE-78,CAPEC-7,0
CWE-78,CAPEC-32,0
CWE-78,CAPEC-264,0
CWE-78,CAPEC-265,0
CWE-78,CAPEC-267,0
CWE-78,CAPEC-273,0
CWE-78,CAPEC-28,0
CWE-78,CAPEC-29,0
CWE-78,CAPEC-3,0
CWE-78,CAPEC-31,0
CWE-78,CAPEC-71,0
CWE-78,CAPEC-34,0
CWE-78,CAPEC-35,0
CWE-78,CAPEC-384,0
CWE-78,CAPEC-385,0
CWE-78,CAPEC-386,0
CWE-78,CAPEC-387,0
CWE-78,CAPEC-388,0
CWE-78,CAPEC-389,0
CWE-79,CAPEC-13,0
CWE-79,CAPEC-101,0
CWE-79,CAPEC-104,0
CWE-79,CAPEC-108,0
CWE-79,CAPEC-109,0
CWE-79,CAPEC-11,0
CWE-79,CAPEC-110,0
CWE-79,CAPEC-111,0
CWE-79,CAPEC-114,0
CWE-79,CAPEC-100,0
CWE-79,CAPEC-132,0
CWE-79,CAPEC-135,0
CWE-79,CAPEC-136,0
CWE-79,CAPEC-139,0
CWE-79,CAPEC-14,0
CWE-79,CAPEC-141,0
CWE-79,CAPEC-142,0
CWE-79,CAPEC-15,0
CWE-78,CAPEC-81,0
CWE-78,CAPEC-72,0
CWE-78,CAPEC-73,0
CWE-78,CAPEC-75,0
CWE-78,CAPEC-76,0
CWE-78,CAPEC-77,0
CWE-78,CAPEC-78,0
CWE-78,CAPEC-8,0
CWE-78,CAPEC-80,0
CWE-89,CAPEC-101,0
CWE-78,CAPEC-83,0
CWE-78,CAPEC-84,0
CWE-78,CAPEC-85,0
CWE-78,CAPEC-86,0
CWE-78,CAPEC-9,0
CWE-78,CAPEC-91,0
CWE-78,CAPEC-99,0
CWE-79,CAPEC-10,0
CWE-94,CAPEC-132,0
CWE-119,CAPEC-4,0
CWE-119,CAPEC-389,0
CWE-119,CAPEC-388,0
CWE-119,CAPEC-387,0
CWE-94,CAPEC-11,0
CWE-119,CAPEC-386,0
CWE-94,CAPEC-111,0
CWE-94,CAPEC-114,0
CWE-119,CAPEC-385,0
CWE-119,CAPEC-40,0
CWE-119,CAPEC-384,0
CWE-119,CAPEC-34,0
CWE-94,CAPEC-141,0
CWE-94,CAPEC-142,0
CWE-94,CAPEC-15,0
CWE-94,CAPEC-169,0
CWE-94,CAPEC-17,0
CWE-94,CAPEC-213,0
CWE-89,CAPEC-83,0
CWE-89,CAPEC-73,0
CWE-89,CAPEC-75,0
CWE-89,CAPEC-76,0
CWE-89,CAPEC-77,0
CWE-89,CAPEC-78,0
CWE-89,CAPEC-8,0
CWE-89,CAPEC-80,0
CWE-89,CAPEC-81,0
CWE-94,CAPEC-218,0
CWE-89,CAPEC-84,0
CWE-89,CAPEC-85,0
CWE-89,CAPEC-86,0
CWE-89,CAPEC-9,0
CWE-89,CAPEC-91,0
CWE-89,CAPEC-94,0
CWE-89,CAPEC-99,0
CWE-94,CAPEC-100,0
CWE-119,CAPEC-141,0
CWE-94,CAPEC-474,0
CWE-94,CAPEC-51,0
CWE-94,CAPEC-57,0
CWE-94,CAPEC-59,0
CWE-94,CAPEC-6,0
CWE-94,CAPEC-60,0
CWE-119,CAPEC-17,0
CWE-119,CAPEC-15,0
CWE-119,CAPEC-142,0
CWE-94,CAPEC-472,0
CWE-94,CAPEC-75,0
CWE-94,CAPEC-76,0
CWE-119,CAPEC-132,0
CWE-119,CAPEC-114,0
CWE-119,CAPEC-111,0
CWE-94,CAPEC-84,0
CWE-119,CAPEC-11,0
CWE-94,CAPEC-94,0
CWE-94,CAPEC-388,0
CWE-119,CAPEC-273,0
CWE-94,CAPEC-23,0
CWE-94,CAPEC-273,0
CWE-94,CAPEC-34,0
CWE-94,CAPEC-384,0
CWE-94,CAPEC-385,0
CWE-94,CAPEC-386,0
CWE-94,CAPEC-387,0
CWE-89,CAPEC-72,0
CWE-94,CAPEC-389,0
CWE-94,CAPEC-4,0
CWE-94,CAPEC-40,0
CWE-119,CAPEC-23,0
CWE-94,CAPEC-44,0
CWE-119,CAPEC-218,0
CWE-119,CAPEC-213,0
CWE-94,CAPEC-470,0
CWE-89,CAPEC-232,0
CWE-89,CAPEC-19,0
CWE-89,CAPEC-198,0
CWE-89,CAPEC-199,0
CWE-89,CAPEC-209,0
CWE-89,CAPEC-213,0
CWE-89,CAPEC-218,0
CWE-89,CAPEC-23,0
CWE-89,CAPEC-230,0
CWE-89,CAPEC-231,0
CWE-89,CAPEC-182,0
CWE-89,CAPEC-24,0
CWE-89,CAPEC-243,0
CWE-89,CAPEC-244,0
CWE-89,CAPEC-245,0
CWE-89,CAPEC-246,0
CWE-89,CAPEC-247,0
CWE-89,CAPEC-250,0
CWE-89,CAPEC-26,0
CWE-89,CAPEC-135,0
CWE-89,CAPEC-104,0
CWE-89,CAPEC-106,0
CWE-119,CAPEC-51,0
CWE-89,CAPEC-11,0
CWE-119,CAPEC-474,0
CWE-89,CAPEC-111,0
CWE-89,CAPEC-114,0
CWE-89,CAPEC-132,0
CWE-89,CAPEC-264,0
CWE-89,CAPEC-136,0
CWE-89,CAPEC-139,0
CWE-89,CAPEC-14,0
CWE-89,CAPEC-141,0
CWE-89,CAPEC-142,0
CWE-89,CAPEC-17,0
CWE-89,CAPEC-171,0
CWE-89,CAPEC-18,0
CWE-89,CAPEC-51,0
CWE-89,CAPEC-42,0
CWE-89,CAPEC-44,0
CWE-89,CAPEC-45,0
CWE-89,CAPEC-46,0
CWE-89,CAPEC-47,0
CWE-89,CAPEC-473,0
CWE-89,CAPEC-474,0
CWE-89,CAPEC-484,0
CWE-89,CAPEC-40,0
CWE-89,CAPEC-52,0
CWE-89,CAPEC-53,0
CWE-89,CAPEC-57,0
CWE-89,CAPEC-63,0
CWE-89,CAPEC-64,0
CWE-89,CAPEC-67,0
CWE-119,CAPEC-470,0
CWE-89,CAPEC-71,0
CWE-89,CAPEC-34,0
CWE-89,CAPEC-265,0
CWE-89,CAPEC-267,0
CWE-89,CAPEC-273,0
CWE-89,CAPEC-28,0
CWE-89,CAPEC-29,0
CWE-89,CAPEC-3,0
CWE-89,CAPEC-31,0
CWE-89,CAPEC-32,0
CWE-78,CAPEC-26,0
CWE-89,CAPEC-35,0
CWE-89,CAPEC-384,0
CWE-89,CAPEC-385,0
CWE-89,CAPEC-386,0
CWE-89,CAPEC-387,0
CWE-89,CAPEC-388,0
CWE-89,CAPEC-389,0
CWE-89,CAPEC-4,0
CWE-74,CAPEC-32,0
CWE-74,CAPEC-26,0
CWE-74,CAPEC-264,0
CWE-74,CAPEC-265,0
CWE-134,CAPEC-218,0
CWE-134,CAPEC-213,0
CWE-134,CAPEC-209,0
CWE-74,CAPEC-29,0
CWE-134,CAPEC-199,0
CWE-74,CAPEC-31,0
CWE-134,CAPEC-22,0
CWE-134,CAPEC-198,0
CWE-74,CAPEC-35,0
CWE-74,CAPEC-384,0
CWE-74,CAPEC-385,0
CWE-74,CAPEC-386,0
CWE-74,CAPEC-387,0
CWE-74,CAPEC-388,0
CWE-74,CAPEC-389,0
CWE-74,CAPEC-230,0
CWE-74,CAPEC-19,0
CWE-74,CAPEC-198,0
CWE-74,CAPEC-199,0
CWE-74,CAPEC-209,0
CWE-74,CAPEC-213,0
CWE-74,CAPEC-218,0
CWE-74,CAPEC-22,0
CWE-74,CAPEC-23,0
CWE-74,CAPEC-4,0
CWE-74,CAPEC-231,0
CWE-74,CAPEC-232,0
CWE-134,CAPEC-23,0
CWE-74,CAPEC-243,0
CWE-74,CAPEC-244,0
CWE-74,CAPEC-245,0
CWE-74,CAPEC-246,0
CWE-74,CAPEC-247,0
CWE-74,CAPEC-75,0
CWE-74,CAPEC-60,0
CWE-74,CAPEC-63,0
CWE-134,CAPEC-14,0
CWE-134,CAPEC-139,0
CWE-134,CAPEC-136,0
CWE-134,CAPEC-132,0
CWE-134,CAPEC-13,0
CWE-134,CAPEC-114,0
CWE-74,CAPEC-73,0
CWE-74,CAPEC-6,0
CWE-134,CAPEC-111,0
CWE-74,CAPEC-77,0
CWE-134,CAPEC-110,0
CWE-134,CAPEC-11,0
CWE-134,CAPEC-109,0
CWE-134,CAPEC-108,0
CWE-74,CAPEC-81,0
CWE-134,CAPEC-106,0
CWE-74,CAPEC-472,0
CWE-134,CAPEC-19,0
CWE-134,CAPEC-182,0
CWE-134,CAPEC-18,0
CWE-74,CAPEC-44,0
CWE-134,CAPEC-171,0
CWE-134,CAPEC-17,0
CWE-134,CAPEC-169,0
CWE-74,CAPEC-470,0
CWE-74,CAPEC-182,0
CWE-74,CAPEC-473,0
CWE-74,CAPEC-474,0
CWE-74,CAPEC-484,0
CWE-134,CAPEC-15,0
CWE-134,CAPEC-142,0
CWE-134,CAPEC-141,0
CWE-74,CAPEC-57,0
CWE-74,CAPEC-59,0
CWE-59,CAPEC-385,0
CWE-59,CAPEC-232,0
CWE-59,CAPEC-243,0
CWE-59,CAPEC-245,0
CWE-59,CAPEC-246,0
CWE-59,CAPEC-247,0
CWE-59,CAPEC-273,0
CWE-59,CAPEC-34,0
CWE-134,CAPEC-247,0
CWE-59,CAPEC-384,0
CWE-59,CAPEC-23,0
CWE-59,CAPEC-386,0
CWE-59,CAPEC-387,0
CWE-59,CAPEC-388,0
CWE-59,CAPEC-389,0
CWE-59,CAPEC-4,0
CWE-59,CAPEC-40,0
CWE-59,CAPEC-44,0
CWE-59,CAPEC-470,0
CWE-59,CAPEC-142,0
CWE-399,CAPEC-94,0
CWE-134,CAPEC-264,0
CWE-59,CAPEC-100,0
CWE-59,CAPEC-11,0
CWE-59,CAPEC-111,0
CWE-59,CAPEC-114,0
CWE-134,CAPEC-26,0
CWE-59,CAPEC-141,0
CWE-59,CAPEC-472,0
CWE-59,CAPEC-15,0
CWE-59,CAPEC-169,0
CWE-134,CAPEC-250,0
CWE-59,CAPEC-19,0
CWE-59,CAPEC-198,0
CWE-59,CAPEC-209,0
CWE-59,CAPEC-213,0
CWE-59,CAPEC-218,0
CWE-74,CAPEC-139,0
CWE-74,CAPEC-11,0
CWE-74,CAPEC-110,0
CWE-74,CAPEC-111,0
CWE-74,CAPEC-114,0
CWE-134,CAPEC-232,0
CWE-74,CAPEC-132,0
CWE-134,CAPEC-231,0
CWE-74,CAPEC-136,0
CWE-74,CAPEC-109,0
CWE-134,CAPEC-230,0
CWE-74,CAPEC-141,0
CWE-74,CAPEC-142,0
CWE-74,CAPEC-15,0
CWE-74,CAPEC-169,0
CWE-74,CAPEC-17,0
CWE-74,CAPEC-171,0
CWE-74,CAPEC-18,0
CWE-59,CAPEC-77,0
CWE-59,CAPEC-474,0
CWE-59,CAPEC-51,0
CWE-59,CAPEC-57,0
CWE-59,CAPEC-59,0
CWE-59,CAPEC-6,0
CWE-59,CAPEC-60,0
CWE-59,CAPEC-75,0
CWE-134,CAPEC-246,0
CWE-134,CAPEC-104,0
CWE-59,CAPEC-84,0
CWE-59,CAPEC-94,0
CWE-134,CAPEC-245,0
CWE-74,CAPEC-100,0
CWE-134,CAPEC-244,0
CWE-74,CAPEC-104,0
CWE-134,CAPEC-243,0
CWE-134,CAPEC-24,0
CWE-77,CAPEC-84,0
CWE-77,CAPEC-73,0
CWE-119,CAPEC-84,0
CWE-77,CAPEC-77,0
CWE-77,CAPEC-78,0
CWE-77,CAPEC-79,0
CWE-77,CAPEC-8,0
CWE-77,CAPEC-80,0
CWE-77,CAPEC-81,0
CWE-77,CAPEC-83,0
CWE-77,CAPEC-72,0
CWE-77,CAPEC-85,0
CWE-77,CAPEC-86,0
CWE-77,CAPEC-88,0
CWE-77,CAPEC-9,0
CWE-77,CAPEC-91,0
CWE-77,CAPEC-94,0
CWE-77,CAPEC-99,0
CWE-78,CAPEC-10,0
CWE-77,CAPEC-57,0
CWE-77,CAPEC-470,0
CWE-77,CAPEC-472,0
CWE-77,CAPEC-473,0
CWE-77,CAPEC-474,0
CWE-77,CAPEC-484,0
CWE-77,CAPEC-51,0
CWE-77,CAPEC-52,0
CWE-77,CAPEC-53,0
CWE-78,CAPEC-100,0
CWE-77,CAPEC-59,0
CWE-77,CAPEC-60,0
CWE-77,CAPEC-63,0
CWE-77,CAPEC-64,0
CWE-77,CAPEC-66,0
CWE-77,CAPEC-67,0
CWE-77,CAPEC-7,0
CWE-77,CAPEC-71,0
CWE-78,CAPEC-231,0
CWE-78,CAPEC-19,0
CWE-78,CAPEC-198,0
CWE-78,CAPEC-199,0
CWE-78,CAPEC-209,0
CWE-78,CAPEC-213,0
CWE-78,CAPEC-218,0
CWE-78,CAPEC-23,0
CWE-78,CAPEC-230,0
CWE-78,CAPEC-182,0
CWE-78,CAPEC-232,0
CWE-78,CAPEC-24,0
CWE-78,CAPEC-243,0
CWE-78,CAPEC-244,0
CWE-78,CAPEC-245,0
CWE-78,CAPEC-246,0
CWE-78,CAPEC-247,0
CWE-78,CAPEC-250,0
CWE-78,CAPEC-135,0
CWE-78,CAPEC-101,0
CWE-78,CAPEC-104,0
CWE-78,CAPEC-106,0
CWE-78,CAPEC-109,0
CWE-78,CAPEC-11,0
CWE-78,CAPEC-110,0
CWE-78,CAPEC-111,0
CWE-78,CAPEC-132,0
CWE-77,CAPEC-47,0
CWE-78,CAPEC-136,0
CWE-78,CAPEC-139,0
CWE-78,CAPEC-14,0
CWE-78,CAPEC-141,0
CWE-78,CAPEC-142,0
CWE-78,CAPEC-17,0
CWE-78,CAPEC-171,0
CWE-78,CAPEC-18,0
CWE-77,CAPEC-17,0
CWE-77,CAPEC-13,0
CWE-77,CAPEC-132,0
CWE-77,CAPEC-135,0
CWE-77,CAPEC-139,0
CWE-77,CAPEC-14,0
CWE-77,CAPEC-141,0
CWE-77,CAPEC-142,0
CWE-119,CAPEC-94,0
CWE-77,CAPEC-169,0
CWE-77,CAPEC-114,0
CWE-77,CAPEC-171,0
CWE-77,CAPEC-18,0
CWE-77,CAPEC-182,0
CWE-77,CAPEC-19,0
CWE-77,CAPEC-198,0
CWE-77,CAPEC-199,0
CWE-77,CAPEC-209,0
CWE-77,CAPEC-213,0
CWE-77,CAPEC-100,0
CWE-74,CAPEC-85,0
CWE-74,CAPEC-86,0
CWE-74,CAPEC-88,0
CWE-134,CAPEC-101,0
CWE-134,CAPEC-100,0
CWE-74,CAPEC-94,0
CWE-74,CAPEC-99,0
CWE-77,CAPEC-10,0
CWE-77,CAPEC-218,0
CWE-77,CAPEC-101,0
CWE-77,CAPEC-104,0
CWE-77,CAPEC-106,0
CWE-77,CAPEC-108,0
CWE-77,CAPEC-109,0
CWE-134,CAPEC-10,0
CWE-77,CAPEC-110,0
CWE-77,CAPEC-111,0
CWE-77,CAPEC-387,0
CWE-77,CAPEC-3,0
CWE-77,CAPEC-31,0
CWE-77,CAPEC-32,0
CWE-77,CAPEC-34,0
CWE-77,CAPEC-35,0
CWE-77,CAPEC-384,0
CWE-77,CAPEC-385,0
CWE-77,CAPEC-386,0
CWE-77,CAPEC-29,0
CWE-77,CAPEC-388,0
CWE-77,CAPEC-389,0
CWE-77,CAPEC-4,0
CWE-77,CAPEC-40,0
CWE-77,CAPEC-42,0
CWE-77,CAPEC-44,0
CWE-77,CAPEC-45,0
CWE-77,CAPEC-46,0
CWE-77,CAPEC-246,0
CWE-77,CAPEC-22,0
CWE-77,CAPEC-230,0
CWE-77,CAPEC-231,0
CWE-77,CAPEC-232,0
CWE-77,CAPEC-24,0
CWE-77,CAPEC-243,0
CWE-77,CAPEC-244,0
CWE-77,CAPEC-245,0
CWE-134,CAPEC-265,0
CWE-77,CAPEC-247,0
CWE-77,CAPEC-250,0
CWE-77,CAPEC-26,0
CWE-77,CAPEC-264,0
CWE-77,CAPEC-265,0
CWE-77,CAPEC-267,0
CWE-77,CAPEC-273,0
CWE-77,CAPEC-28,0
CWE-17,CAPEC-75,0
CWE-20,CAPEC-198,0
CWE-17,CAPEC-79,0
CWE-20,CAPEC-209,0
CWE-20,CAPEC-213,0
CWE-20,CAPEC-218,0
CWE-17,CAPEC-78,0
CWE-20,CAPEC-23,0
CWE-17,CAPEC-77,0
CWE-17,CAPEC-76,0
CWE-20,CAPEC-232,0
CWE-20,CAPEC-19,0
CWE-20,CAPEC-243,0
CWE-17,CAPEC-73,0
CWE-20,CAPEC-245,0
CWE-20,CAPEC-246,0
CWE-20,CAPEC-247,0
CWE-17,CAPEC-72,0
CWE-20,CAPEC-26,0
CWE-17,CAPEC-71,0
CWE-17,CAPEC-7,0
CWE-17,CAPEC-85,0
CWE-18,CAPEC-10,0
CWE-17,CAPEC-99,0
CWE-17,CAPEC-94,0
CWE-17,CAPEC-91,0
CWE-20,CAPEC-11,0
CWE-17,CAPEC-9,0
CWE-20,CAPEC-111,0
CWE-17,CAPEC-88,0
CWE-20,CAPEC-132,0
CWE-17,CAPEC-86,0
CWE-17,CAPEC-67,0
CWE-17,CAPEC-84,0
CWE-17,CAPEC-83,0
CWE-20,CAPEC-141,0
CWE-20,CAPEC-142,0
CWE-20,CAPEC-15,0
CWE-20,CAPEC-17,0
CWE-17,CAPEC-81,0
CWE-17,CAPEC-80,0
CWE-17,CAPEC-8,0
CWE-17,CAPEC-47,0
CWE-17,CAPEC-52,0
CWE-17,CAPEC-51,0
CWE-20,CAPEC-474,0
CWE-17,CAPEC-484,0
CWE-20,CAPEC-51,0
CWE-17,CAPEC-474,0
CWE-17,CAPEC-473,0
CWE-20,CAPEC-6,0
CWE-17,CAPEC-472,0
CWE-17,CAPEC-470,0
CWE-17,CAPEC-53,0
CWE-17,CAPEC-46,0
CWE-17,CAPEC-45,0
CWE-17,CAPEC-44,0
CWE-17,CAPEC-43,0
CWE-17,CAPEC-42,0
CWE-20,CAPEC-75,0
CWE-20,CAPEC-76,0
CWE-20,CAPEC-77,0
CWE-17,CAPEC-40,0
CWE-20,CAPEC-385,0
CWE-20,CAPEC-273,0
CWE-17,CAPEC-66,0
CWE-20,CAPEC-29,0
CWE-17,CAPEC-64,0
CWE-17,CAPEC-63,0
CWE-17,CAPEC-60,0
CWE-20,CAPEC-34,0
CWE-20,CAPEC-35,0
CWE-20,CAPEC-384,0
CWE-18,CAPEC-100,0
CWE-20,CAPEC-386,0
CWE-20,CAPEC-387,0
CWE-20,CAPEC-388,0
CWE-20,CAPEC-389,0
CWE-20,CAPEC-4,0
CWE-20,CAPEC-40,0
CWE-17,CAPEC-6,0
CWE-17,CAPEC-59,0
CWE-17,CAPEC-57,0
CWE-199,CAPEC-385,0
CWE-199,CAPEC-267,0
CWE-199,CAPEC-273,0
CWE-199,CAPEC-28,0
CWE-199,CAPEC-29,0
CWE-199,CAPEC-3,0
CWE-199,CAPEC-31,0
CWE-199,CAPEC-32,0
CWE-199,CAPEC-34,0
CWE-199,CAPEC-35,0
CWE-199,CAPEC-384,0
CWE-199,CAPEC-265,0
CWE-199,CAPEC-386,0
CWE-199,CAPEC-387,0
CWE-199,CAPEC-388,0
CWE-199,CAPEC-389,0
CWE-199,CAPEC-4,0
CWE-199,CAPEC-40,0
CWE-199,CAPEC-42,0
CWE-199,CAPEC-43,0
CWE-199,CAPEC-44,0
CWE-199,CAPEC-232,0
CWE-199,CAPEC-198,0
CWE-199,CAPEC-199,0
CWE-199,CAPEC-209,0
CWE-199,CAPEC-213,0
CWE-199,CAPEC-218,0
CWE-199,CAPEC-22,0
CWE-199,CAPEC-23,0
CWE-199,CAPEC-230,0
CWE-199,CAPEC-231,0
CWE-199,CAPEC-45,0
CWE-199,CAPEC-24,0
CWE-199,CAPEC-243,0
CWE-199,CAPEC-244,0
CWE-199,CAPEC-245,0
CWE-199,CAPEC-246,0
CWE-199,CAPEC-247,0
CWE-199,CAPEC-250,0
CWE-199,CAPEC-26,0
CWE-199,CAPEC-264,0
CWE-199,CAPEC-83,0
CWE-199,CAPEC-72,0
CWE-199,CAPEC-73,0
CWE-199,CAPEC-75,0
CWE-199,CAPEC-76,0
CWE-199,CAPEC-77,0
CWE-199,CAPEC-78,0
CWE-199,CAPEC-79,0
CWE-199,CAPEC-8,0
CWE-199,CAPEC-80,0
CWE-199,CAPEC-81,0
CWE-199,CAPEC-71,0
CWE-199,CAPEC-84,0
CWE-199,CAPEC-85,0
CWE-199,CAPEC-86,0
CWE-199,CAPEC-88,0
CWE-199,CAPEC-9,0
CWE-199,CAPEC-91,0
CWE-199,CAPEC-94,0
CWE-199,CAPEC-99,0
CWE-18,CAPEC-101,0
CWE-199,CAPEC-53,0
CWE-199,CAPEC-46,0
CWE-199,CAPEC-47,0
CWE-199,CAPEC-470,0
CWE-199,CAPEC-472,0
CWE-199,CAPEC-473,0
CWE-199,CAPEC-474,0
CWE-199,CAPEC-484,0
CWE-199,CAPEC-51,0
CWE-199,CAPEC-52,0
CWE-17,CAPEC-4,0
CWE-199,CAPEC-57,0
CWE-199,CAPEC-59,0
CWE-199,CAPEC-6,0
CWE-199,CAPEC-60,0
CWE-199,CAPEC-63,0
CWE-199,CAPEC-64,0
CWE-199,CAPEC-66,0
CWE-199,CAPEC-67,0
CWE-199,CAPEC-7,0
CWE-21,CAPEC-139,0
CWE-21,CAPEC-108,0
CWE-21,CAPEC-109,0
CWE-21,CAPEC-11,0
CWE-21,CAPEC-110,0
CWE-21,CAPEC-111,0
CWE-21,CAPEC-114,0
CWE-21,CAPEC-13,0
CWE-21,CAPEC-132,0
CWE-21,CAPEC-135,0
CWE-21,CAPEC-136,0
CWE-21,CAPEC-106,0
CWE-21,CAPEC-14,0
CWE-21,CAPEC-141,0
CWE-21,CAPEC-142,0
CWE-21,CAPEC-15,0
CWE-21,CAPEC-169,0
CWE-21,CAPEC-17,0
CWE-21,CAPEC-171,0
CWE-21,CAPEC-18,0
CWE-21,CAPEC-182,0
CWE-200,CAPEC-83,0
CWE-200,CAPEC-72,0
CWE-200,CAPEC-73,0
CWE-200,CAPEC-75,0
CWE-200,CAPEC-76,0
CWE-200,CAPEC-77,0
CWE-200,CAPEC-78,0
CWE-17,CAPEC-264,0
CWE-200,CAPEC-8,0
CWE-200,CAPEC-80,0
CWE-200,CAPEC-81,0
CWE-21,CAPEC-19,0
CWE-200,CAPEC-84,0
CWE-200,CAPEC-88,0
CWE-200,CAPEC-9,0
CWE-200,CAPEC-94,0
CWE-200,CAPEC-99,0
CWE-21,CAPEC-10,0
CWE-21,CAPEC-100,0
CWE-21,CAPEC-101,0
CWE-21,CAPEC-104,0
CWE-21,CAPEC-385,0
CWE-21,CAPEC-267,0
CWE-21,CAPEC-273,0
CWE-21,CAPEC-28,0
CWE-21,CAPEC-29,0
CWE-21,CAPEC-3,0
CWE-21,CAPEC-31,0
CWE-21,CAPEC-32,0
CWE-21,CAPEC-34,0
CWE-21,CAPEC-35,0
CWE-21,CAPEC-384,0
CWE-21,CAPEC-265,0
CWE-21,CAPEC-386,0
CWE-21,CAPEC-387,0
CWE-21,CAPEC-388,0
CWE-21,CAPEC-389,0
CWE-21,CAPEC-4,0
CWE-21,CAPEC-40,0
CWE-21,CAPEC-42,0
CWE-21,CAPEC-43,0
CWE-21,CAPEC-44,0
CWE-21,CAPEC-232,0
CWE-21,CAPEC-198,0
CWE-21,CAPEC-199,0
CWE-21,CAPEC-209,0
CWE-21,CAPEC-213,0
CWE-21,CAPEC-218,0
CWE-21,CAPEC-22,0
CWE-21,CAPEC-23,0
CWE-21,CAPEC-230,0
CWE-21,CAPEC-231,0
CWE-200,CAPEC-71,0
CWE-21,CAPEC-24,0
CWE-21,CAPEC-243,0
CWE-21,CAPEC-244,0
CWE-21,CAPEC-245,0
CWE-21,CAPEC-246,0
CWE-21,CAPEC-247,0
CWE-21,CAPEC-250,0
CWE-21,CAPEC-26,0
CWE-21,CAPEC-264,0
CWE-17,CAPEC-29,0
CWE-200,CAPEC-114,0
CWE-17,CAPEC-3,0
CWE-200,CAPEC-132,0
CWE-200,CAPEC-135,0
CWE-200,CAPEC-136,0
CWE-200,CAPEC-139,0
CWE-200,CAPEC-14,0
CWE-200,CAPEC-141,0
CWE-200,CAPEC-142,0
CWE-200,CAPEC-15,0
CWE-200,CAPEC-111,0
CWE-200,CAPEC-17,0
CWE-200,CAPEC-171,0
CWE-200,CAPEC-182,0
CWE-200,CAPEC-213,0
CWE-200,CAPEC-218,0
CWE-17,CAPEC-28,0
CWE-200,CAPEC-23,0
CWE-200,CAPEC-230,0
CWE-200,CAPEC-231,0
CWE-17,CAPEC-32,0
CWE-17,CAPEC-389,0
CWE-17,CAPEC-388,0
CWE-17,CAPEC-387,0
CWE-17,CAPEC-386,0
CWE-20,CAPEC-84,0
CWE-17,CAPEC-385,0
CWE-17,CAPEC-384,0
CWE-17,CAPEC-35,0
CWE-17,CAPEC-34,0
CWE-200,CAPEC-24,0
CWE-17,CAPEC-31,0
CWE-200,CAPEC-10,0
CWE-200,CAPEC-100,0
CWE-200,CAPEC-101,0
CWE-200,CAPEC-104,0
CWE-200,CAPEC-108,0
CWE-200,CAPEC-109,0
CWE-200,CAPEC-11,0
CWE-200,CAPEC-110,0
CWE-200,CAPEC-52,0
CWE-200,CAPEC-44,0
CWE-200,CAPEC-45,0
CWE-200,CAPEC-46,0
CWE-200,CAPEC-47,0
CWE-200,CAPEC-470,0
CWE-17,CAPEC-273,0
CWE-200,CAPEC-473,0
CWE-200,CAPEC-474,0
CWE-200,CAPEC-484,0
CWE-200,CAPEC-51,0
CWE-200,CAPEC-43,0
CWE-200,CAPEC-53,0
CWE-200,CAPEC-57,0
CWE-17,CAPEC-267,0
CWE-200,CAPEC-6,0
CWE-17,CAPEC-265,0
CWE-200,CAPEC-64,0
CWE-200,CAPEC-66,0
CWE-200,CAPEC-67,0
CWE-200,CAPEC-7,0
CWE-200,CAPEC-35,0
CWE-200,CAPEC-250,0
CWE-200,CAPEC-264,0
CWE-200,CAPEC-265,0
CWE-200,CAPEC-267,0
CWE-200,CAPEC-273,0
CWE-200,CAPEC-28,0
CWE-200,CAPEC-3,0
CWE-200,CAPEC-31,0
CWE-200,CAPEC-34,0
CWE-199,CAPEC-19,0
CWE-200,CAPEC-384,0
CWE-200,CAPEC-385,0
CWE-200,CAPEC-386,0
CWE-200,CAPEC-387,0
CWE-200,CAPEC-388,0
CWE-200,CAPEC-389,0
CWE-200,CAPEC-4,0
CWE-200,CAPEC-40,0
CWE-200,CAPEC-42,0
CWE-189,CAPEC-171,0
CWE-189,CAPEC-132,0
CWE-189,CAPEC-135,0
CWE-189,CAPEC-136,0
CWE-189,CAPEC-139,0
CWE-189,CAPEC-14,0
CWE-189,CAPEC-141,0
CWE-189,CAPEC-142,0
CWE-189,CAPEC-15,0
CWE-189,CAPEC-169,0
CWE-189,CAPEC-17,0
CWE-189,CAPEC-13,0
CWE-189,CAPEC-18,0
CWE-189,CAPEC-182,0
CWE-189,CAPEC-19,0
CWE-189,CAPEC-198,0
CWE-189,CAPEC-199,0
CWE-189,CAPEC-209,0
CWE-189,CAPEC-213,0
CWE-189,CAPEC-218,0
CWE-189,CAPEC-22,0
CWE-189,CAPEC-100,0
CWE-18,CAPEC-83,0
CWE-18,CAPEC-84,0
CWE-18,CAPEC-85,0
CWE-18,CAPEC-86,0
CWE-18,CAPEC-88,0
CWE-18,CAPEC-9,0
CWE-18,CAPEC-91,0
CWE-18,CAPEC-94,0
CWE-18,CAPEC-99,0
CWE-189,CAPEC-10,0
CWE-189,CAPEC-23,0
CWE-189,CAPEC-101,0
CWE-189,CAPEC-104,0
CWE-189,CAPEC-106,0
CWE-189,CAPEC-108,0
CWE-189,CAPEC-109,0
CWE-189,CAPEC-11,0
CWE-189,CAPEC-110,0
CWE-189,CAPEC-111,0
CWE-189,CAPEC-114,0
CWE-189,CAPEC-42,0
CWE-189,CAPEC-34,0
CWE-18,CAPEC-13,0
CWE-189,CAPEC-384,0
CWE-189,CAPEC-385,0
CWE-189,CAPEC-386,0
CWE-189,CAPEC-387,0
CWE-189,CAPEC-388,0
CWE-189,CAPEC-389,0
CWE-189,CAPEC-4,0
CWE-189,CAPEC-40,0
CWE-189,CAPEC-32,0
CWE-189,CAPEC-43,0
CWE-189,CAPEC-44,0
CWE-189,CAPEC-45,0
CWE-189,CAPEC-46,0
CWE-189,CAPEC-47,0
CWE-189,CAPEC-470,0
CWE-189,CAPEC-472,0
CWE-189,CAPEC-473,0
CWE-189,CAPEC-474,0
CWE-189,CAPEC-250,0
CWE-189,CAPEC-230,0
CWE-189,CAPEC-231,0
CWE-189,CAPEC-232,0
CWE-189,CAPEC-24,0
CWE-189,CAPEC-243,0
CWE-189,CAPEC-244,0
CWE-189,CAPEC-245,0
CWE-189,CAPEC-246,0
CWE-189,CAPEC-247,0
CWE-18,CAPEC-81,0
CWE-18,CAPEC-135,0
CWE-189,CAPEC-264,0
CWE-189,CAPEC-265,0
CWE-189,CAPEC-267,0
CWE-189,CAPEC-273,0
CWE-189,CAPEC-28,0
CWE-18,CAPEC-132,0
CWE-189,CAPEC-3,0
CWE-189,CAPEC-31,0
CWE-18,CAPEC-265,0
CWE-18,CAPEC-232,0
CWE-18,CAPEC-24,0
CWE-18,CAPEC-243,0
CWE-18,CAPEC-244,0
CWE-18,CAPEC-245,0
CWE-18,CAPEC-246,0
CWE-18,CAPEC-247,0
CWE-18,CAPEC-250,0
CWE-18,CAPEC-26,0
CWE-18,CAPEC-264,0
CWE-18,CAPEC-231,0
CWE-18,CAPEC-267,0
CWE-18,CAPEC-273,0
CWE-18,CAPEC-28,0
CWE-18,CAPEC-29,0
CWE-18,CAPEC-3,0
CWE-18,CAPEC-31,0
CWE-18,CAPEC-32,0
CWE-18,CAPEC-34,0
CWE-18,CAPEC-35,0
CWE-18,CAPEC-182,0
CWE-18,CAPEC-139,0
CWE-18,CAPEC-14,0
CWE-18,CAPEC-141,0
CWE-18,CAPEC-142,0
CWE-18,CAPEC-15,0
CWE-18,CAPEC-169,0
CWE-18,CAPEC-17,0
CWE-18,CAPEC-171,0
CWE-18,CAPEC-18,0
CWE-18,CAPEC-384,0
CWE-18,CAPEC-19,0
CWE-18,CAPEC-198,0
CWE-18,CAPEC-199,0
CWE-18,CAPEC-209,0
CWE-18,CAPEC-213,0
CWE-18,CAPEC-218,0
CWE-18,CAPEC-22,0
CWE-18,CAPEC-23,0
CWE-18,CAPEC-230,0
CWE-18,CAPEC-71,0
CWE-18,CAPEC-53,0
CWE-18,CAPEC-57,0
CWE-18,CAPEC-59,0
CWE-18,CAPEC-6,0
CWE-18,CAPEC-60,0
CWE-18,CAPEC-63,0
CWE-18,CAPEC-64,0
CWE-18,CAPEC-66,0
CWE-18,CAPEC-67,0
CWE-18,CAPEC-7,0
CWE-18,CAPEC-52,0
CWE-18,CAPEC-72,0
CWE-18,CAPEC-73,0
CWE-18,CAPEC-75,0
CWE-18,CAPEC-76,0
CWE-18,CAPEC-77,0
CWE-18,CAPEC-78,0
CWE-18,CAPEC-79,0
CWE-18,CAPEC-8,0
CWE-18,CAPEC-80,0
CWE-18,CAPEC-44,0
CWE-18,CAPEC-385,0
CWE-18,CAPEC-386,0
CWE-18,CAPEC-387,0
CWE-18,CAPEC-388,0
CWE-18,CAPEC-389,0
CWE-18,CAPEC-4,0
CWE-18,CAPEC-40,0
CWE-18,CAPEC-42,0
CWE-18,CAPEC-43,0
CWE-189,CAPEC-484,0
CWE-18,CAPEC-45,0
CWE-18,CAPEC-46,0
CWE-18,CAPEC-47,0
CWE-18,CAPEC-470,0
CWE-18,CAPEC-472,0
CWE-18,CAPEC-473,0
CWE-18,CAPEC-474,0
CWE-18,CAPEC-484,0
CWE-18,CAPEC-51,0
CWE-18,CAPEC-106,0
CWE-18,CAPEC-109,0
CWE-19,CAPEC-473,0
CWE-19,CAPEC-474,0
CWE-19,CAPEC-484,0
CWE-19,CAPEC-51,0
CWE-19,CAPEC-52,0
CWE-19,CAPEC-53,0
CWE-19,CAPEC-57,0
CWE-18,CAPEC-108,0
CWE-19,CAPEC-6,0
CWE-19,CAPEC-470,0
CWE-19,CAPEC-63,0
CWE-19,CAPEC-64,0
CWE-19,CAPEC-66,0
CWE-19,CAPEC-67,0
CWE-19,CAPEC-7,0
CWE-19,CAPEC-71,0
CWE-19,CAPEC-72,0
CWE-19,CAPEC-73,0
CWE-19,CAPEC-75,0
CWE-19,CAPEC-388,0
CWE-19,CAPEC-3,0
CWE-19,CAPEC-31,0
CWE-19,CAPEC-32,0
CWE-19,CAPEC-34,0
CWE-19,CAPEC-35,0
CWE-19,CAPEC-384,0
CWE-19,CAPEC-385,0
CWE-19,CAPEC-386,0
CWE-19,CAPEC-387,0
CWE-19,CAPEC-76,0
CWE-19,CAPEC-389,0
CWE-19,CAPEC-4,0
CWE-19,CAPEC-40,0
CWE-19,CAPEC-42,0
CWE-19,CAPEC-43,0
CWE-19,CAPEC-44,0
CWE-19,CAPEC-45,0
CWE-19,CAPEC-46,0
CWE-19,CAPEC-47,0
CWE-199,CAPEC-139,0
CWE-199,CAPEC-108,0
CWE-199,CAPEC-109,0
CWE-199,CAPEC-11,0
CWE-199,CAPEC-110,0
CWE-199,CAPEC-111,0
CWE-199,CAPEC-114,0
CWE-199,CAPEC-13,0
CWE-199,CAPEC-132,0
CWE-199,CAPEC-135,0
CWE-199,CAPEC-136,0
CWE-199,CAPEC-106,0
CWE-199,CAPEC-14,0
CWE-199,CAPEC-141,0
CWE-199,CAPEC-142,0
CWE-199,CAPEC-15,0
CWE-199,CAPEC-169,0
CWE-199,CAPEC-17,0
CWE-199,CAPEC-171,0
CWE-199,CAPEC-18,0
CWE-199,CAPEC-182,0
CWE-19,CAPEC-86,0
CWE-19,CAPEC-77,0
CWE-19,CAPEC-78,0
CWE-18,CAPEC-104,0
CWE-19,CAPEC-8,0
CWE-19,CAPEC-80,0
CWE-19,CAPEC-81,0
CWE-19,CAPEC-83,0
CWE-19,CAPEC-84,0
CWE-19,CAPEC-85,0
CWE-19,CAPEC-29,0
CWE-19,CAPEC-88,0
CWE-19,CAPEC-9,0
CWE-19,CAPEC-91,0
CWE-19,CAPEC-94,0
CWE-19,CAPEC-99,0
CWE-199,CAPEC-10,0
CWE-199,CAPEC-100,0
CWE-199,CAPEC-101,0
CWE-199,CAPEC-104,0
CWE-189,CAPEC-94,0
CWE-189,CAPEC-8,0
CWE-189,CAPEC-80,0
CWE-189,CAPEC-81,0
CWE-189,CAPEC-83,0
CWE-189,CAPEC-84,0
CWE-189,CAPEC-85,0
CWE-189,CAPEC-86,0
CWE-189,CAPEC-88,0
CWE-189,CAPEC-9,0
CWE-189,CAPEC-91,0
CWE-189,CAPEC-79,0
CWE-189,CAPEC-99,0
CWE-19,CAPEC-10,0
CWE-19,CAPEC-100,0
CWE-19,CAPEC-101,0
CWE-19,CAPEC-104,0
CWE-19,CAPEC-106,0
CWE-19,CAPEC-108,0
CWE-19,CAPEC-109,0
CWE-19,CAPEC-11,0
CWE-189,CAPEC-66,0
CWE-189,CAPEC-51,0
CWE-189,CAPEC-52,0
CWE-189,CAPEC-53,0
CWE-189,CAPEC-57,0
CWE-189,CAPEC-59,0
CWE-189,CAPEC-6,0
CWE-189,CAPEC-60,0
CWE-189,CAPEC-63,0
CWE-189,CAPEC-64,0
CWE-19,CAPEC-110,0
CWE-189,CAPEC-67,0
CWE-189,CAPEC-7,0
CWE-189,CAPEC-71,0
CWE-189,CAPEC-72,0
CWE-189,CAPEC-73,0
CWE-189,CAPEC-75,0
CWE-189,CAPEC-76,0
CWE-18,CAPEC-114,0
CWE-189,CAPEC-78,0
CWE-19,CAPEC-245,0
CWE-19,CAPEC-213,0
CWE-19,CAPEC-218,0
CWE-18,CAPEC-11,0
CWE-19,CAPEC-23,0
CWE-19,CAPEC-230,0
CWE-19,CAPEC-231,0
CWE-19,CAPEC-232,0
CWE-19,CAPEC-24,0
CWE-19,CAPEC-243,0
CWE-19,CAPEC-244,0
CWE-19,CAPEC-209,0
CWE-19,CAPEC-246,0
CWE-19,CAPEC-247,0
CWE-19,CAPEC-250,0
CWE-19,CAPEC-26,0
CWE-19,CAPEC-264,0
CWE-19,CAPEC-265,0
CWE-19,CAPEC-267,0
CWE-19,CAPEC-273,0
CWE-19,CAPEC-28,0
CWE-19,CAPEC-142,0
CWE-19,CAPEC-111,0
CWE-19,CAPEC-114,0
CWE-18,CAPEC-111,0
CWE-19,CAPEC-132,0
CWE-19,CAPEC-135,0
CWE-19,CAPEC-136,0
CWE-19,CAPEC-139,0
CWE-19,CAPEC-14,0
CWE-19,CAPEC-141,0
CWE-21,CAPEC-45,0
CWE-19,CAPEC-15,0
CWE-18,CAPEC-110,0
CWE-19,CAPEC-17,0
CWE-19,CAPEC-171,0
CWE-19,CAPEC-18,0
CWE-19,CAPEC-182,0
CWE-19,CAPEC-19,0
CWE-19,CAPEC-198,0
CWE-19,CAPEC-199,0
CWE-284,CAPEC-32,0
CWE-284,CAPEC-250,0
CWE-284,CAPEC-26,0
CWE-284,CAPEC-264,0
CWE-284,CAPEC-265,0
CWE-284,CAPEC-267,0
CWE-284,CAPEC-273,0
CWE-284,CAPEC-28,0
CWE-284,CAPEC-29,0
CWE-284,CAPEC-3,0
CWE-284,CAPEC-31,0
CWE-284,CAPEC-247,0
CWE-284,CAPEC-34,0
CWE-284,CAPEC-35,0
CWE-284,CAPEC-384,0
CWE-284,CAPEC-385,0
CWE-284,CAPEC-386,0
CWE-284,CAPEC-387,0
CWE-284,CAPEC-388,0
CWE-284,CAPEC-389,0
CWE-284,CAPEC-4,0
CWE-16,CAPEC-31,0
CWE-284,CAPEC-17,0
CWE-284,CAPEC-171,0
CWE-284,CAPEC-18,0
CWE-284,CAPEC-182,0
CWE-16,CAPEC-32,0
CWE-284,CAPEC-198,0
CWE-284,CAPEC-199,0
CWE-284,CAPEC-209,0
CWE-284,CAPEC-213,0
CWE-284,CAPEC-218,0
CWE-284,CAPEC-40,0
CWE-284,CAPEC-23,0
CWE-284,CAPEC-230,0
CWE-284,CAPEC-231,0
CWE-284,CAPEC-232,0
CWE-284,CAPEC-24,0
CWE-284,CAPEC-243,0
CWE-284,CAPEC-244,0
CWE-284,CAPEC-245,0
CWE-284,CAPEC-246,0
CWE-16,CAPEC-267,0
CWE-284,CAPEC-66,0
CWE-284,CAPEC-67,0
CWE-284,CAPEC-7,0
CWE-284,CAPEC-71,0
CWE-284,CAPEC-72,0
CWE-284,CAPEC-73,0
CWE-284,CAPEC-75,0
CWE-284,CAPEC-76,0
CWE-284,CAPEC-77,0
CWE-284,CAPEC-78,0
CWE-284,CAPEC-64,0
CWE-284,CAPEC-8,0
CWE-284,CAPEC-80,0
CWE-284,CAPEC-81,0
CWE-284,CAPEC-83,0
CWE-284,CAPEC-84,0
CWE-284,CAPEC-85,0
CWE-284,CAPEC-86,0
CWE-284,CAPEC-88,0
CWE-284,CAPEC-9,0
CWE-16,CAPEC-29,0
CWE-284,CAPEC-42,0
CWE-284,CAPEC-43,0
CWE-284,CAPEC-44,0
CWE-284,CAPEC-45,0
CWE-284,CAPEC-46,0
CWE-284,CAPEC-47,0
CWE-284,CAPEC-470,0
CWE-16,CAPEC-3,0
CWE-284,CAPEC-473,0
CWE-16,CAPEC-34,0
CWE-284,CAPEC-484,0
CWE-284,CAPEC-51,0
CWE-284,CAPEC-52,0
CWE-284,CAPEC-53,0
CWE-284,CAPEC-57,0
CWE-16,CAPEC-28,0
CWE-284,CAPEC-6,0
CWE-16,CAPEC-273,0
CWE-284,CAPEC-63,0
CWE-264,CAPEC-51,0
CWE-16,CAPEC-75,0
CWE-264,CAPEC-44,0
CWE-16,CAPEC-73,0
CWE-16,CAPEC-72,0
CWE-16,CAPEC-71,0
CWE-264,CAPEC-470,0
CWE-16,CAPEC-7,0
CWE-16,CAPEC-67,0
CWE-264,CAPEC-474,0
CWE-16,CAPEC-66,0
CWE-16,CAPEC-76,0
CWE-16,CAPEC-64,0
CWE-16,CAPEC-63,0
CWE-16,CAPEC-60,0
CWE-16,CAPEC-6,0
CWE-16,CAPEC-59,0
CWE-16,CAPEC-57,0
CWE-16,CAPEC-53,0
CWE-16,CAPEC-52,0
CWE-16,CAPEC-51,0
CWE-264,CAPEC-34,0
CWE-16,CAPEC-85,0
CWE-16,CAPEC-84,0
CWE-16,CAPEC-83,0
CWE-264,CAPEC-273,0
CWE-16,CAPEC-81,0
CWE-16,CAPEC-80,0
CWE-16,CAPEC-8,0
CWE-16,CAPEC-79,0
CWE-16,CAPEC-78,0
CWE-16,CAPEC-484,0
CWE-16,CAPEC-77,0
CWE-264,CAPEC-384,0
CWE-264,CAPEC-385,0
CWE-264,CAPEC-386,0
CWE-264,CAPEC-387,0
CWE-264,CAPEC-388,0
CWE-264,CAPEC-389,0
CWE-264,CAPEC-4,0
CWE-264,CAPEC-40,0
CWE-284,CAPEC-114,0
CWE-284,CAPEC-10,0
CWE-284,CAPEC-100,0
CWE-284,CAPEC-101,0
CWE-284,CAPEC-104,0
CWE-284,CAPEC-106,0
CWE-284,CAPEC-108,0
CWE-284,CAPEC-109,0
CWE-284,CAPEC-11,0
CWE-284,CAPEC-110,0
CWE-284,CAPEC-111,0
CWE-16,CAPEC-384,0
CWE-16,CAPEC-35,0
CWE-284,CAPEC-132,0
CWE-284,CAPEC-135,0
CWE-284,CAPEC-136,0
CWE-284,CAPEC-139,0
CWE-284,CAPEC-14,0
CWE-284,CAPEC-141,0
CWE-284,CAPEC-142,0
CWE-284,CAPEC-15,0
CWE-16,CAPEC-43,0
CWE-16,CAPEC-474,0
CWE-16,CAPEC-473,0
CWE-16,CAPEC-472,0
CWE-264,CAPEC-75,0
CWE-16,CAPEC-470,0
CWE-16,CAPEC-47,0
CWE-16,CAPEC-46,0
CWE-16,CAPEC-45,0
CWE-16,CAPEC-44,0
CWE-284,CAPEC-91,0
CWE-16,CAPEC-42,0
CWE-16,CAPEC-40,0
CWE-264,CAPEC-84,0
CWE-16,CAPEC-4,0
CWE-16,CAPEC-389,0
CWE-16,CAPEC-388,0
CWE-16,CAPEC-387,0
CWE-16,CAPEC-386,0
CWE-16,CAPEC-385,0
CWE-16,CAPEC-247,0
CWE-310,CAPEC-10,0
CWE-310,CAPEC-100,0
CWE-310,CAPEC-101,0
CWE-310,CAPEC-104,0
CWE-310,CAPEC-106,0
CWE-310,CAPEC-108,0
CWE-310,CAPEC-109,0
CWE-18,CAPEC-136,0
CWE-310,CAPEC-110,0
CWE-310,CAPEC-111,0
CWE-287,CAPEC-99,0
CWE-16,CAPEC-246,0
CWE-310,CAPEC-132,0
CWE-310,CAPEC-135,0
CWE-310,CAPEC-136,0
CWE-310,CAPEC-139,0
CWE-310,CAPEC-14,0
CWE-310,CAPEC-141,0
CWE-310,CAPEC-142,0
CWE-310,CAPEC-15,0
CWE-287,CAPEC-80,0
CWE-287,CAPEC-7,0
CWE-287,CAPEC-71,0
CWE-287,CAPEC-72,0
CWE-287,CAPEC-73,0
CWE-287,CAPEC-75,0
CWE-287,CAPEC-76,0
CWE-287,CAPEC-77,0
CWE-287,CAPEC-78,0
CWE-287,CAPEC-8,0
CWE-16,CAPEC-245,0
CWE-287,CAPEC-81,0
CWE-287,CAPEC-83,0
CWE-287,CAPEC-84,0
CWE-287,CAPEC-85,0
CWE-287,CAPEC-86,0
CWE-287,CAPEC-88,0
CWE-287,CAPEC-9,0
CWE-287,CAPEC-91,0
CWE-16,CAPEC-250,0
CWE-310,CAPEC-31,0
CWE-310,CAPEC-247,0
CWE-310,CAPEC-250,0
CWE-16,CAPEC-243,0
CWE-310,CAPEC-264,0
CWE-310,CAPEC-265,0
CWE-310,CAPEC-267,0
CWE-310,CAPEC-273,0
CWE-310,CAPEC-28,0
CWE-16,CAPEC-24,0
CWE-310,CAPEC-3,0
CWE-310,CAPEC-246,0
CWE-310,CAPEC-32,0
CWE-310,CAPEC-34,0
CWE-310,CAPEC-35,0
CWE-310,CAPEC-384,0
CWE-310,CAPEC-385,0
CWE-310,CAPEC-386,0
CWE-310,CAPEC-387,0
CWE-310,CAPEC-388,0
CWE-310,CAPEC-389,0
CWE-310,CAPEC-218,0
CWE-310,CAPEC-17,0
CWE-310,CAPEC-171,0
CWE-310,CAPEC-18,0
CWE-310,CAPEC-182,0
CWE-310,CAPEC-19,0
CWE-310,CAPEC-198,0
CWE-310,CAPEC-199,0
CWE-310,CAPEC-209,0
CWE-310,CAPEC-213,0
CWE-287,CAPEC-67,0
CWE-16,CAPEC-244,0
CWE-310,CAPEC-23,0
CWE-310,CAPEC-230,0
CWE-310,CAPEC-231,0
CWE-310,CAPEC-232,0
CWE-310,CAPEC-24,0
CWE-310,CAPEC-243,0
CWE-310,CAPEC-244,0
CWE-310,CAPEC-245,0
CWE-287,CAPEC-218,0
CWE-287,CAPEC-15,0
CWE-287,CAPEC-17,0
CWE-287,CAPEC-171,0
CWE-287,CAPEC-18,0
CWE-287,CAPEC-182,0
CWE-287,CAPEC-19,0
CWE-287,CAPEC-198,0
CWE-287,CAPEC-199,0
CWE-287,CAPEC-209,0
CWE-287,CAPEC-213,0
CWE-287,CAPEC-142,0
CWE-16,CAPEC-264,0
CWE-287,CAPEC-23,0
CWE-287,CAPEC-230,0
CWE-287,CAPEC-231,0
CWE-287,CAPEC-232,0
CWE-287,CAPEC-24,0
CWE-287,CAPEC-243,0
CWE-287,CAPEC-244,0
CWE-287,CAPEC-245,0
CWE-287,CAPEC-11,0
CWE-284,CAPEC-94,0
CWE-284,CAPEC-99,0
CWE-287,CAPEC-10,0
CWE-287,CAPEC-100,0
CWE-287,CAPEC-101,0
CWE-287,CAPEC-104,0
CWE-287,CAPEC-106,0
CWE-287,CAPEC-108,0
CWE-287,CAPEC-109,0
CWE-287,CAPEC-246,0
CWE-287,CAPEC-110,0
CWE-287,CAPEC-111,0
CWE-16,CAPEC-265,0
CWE-287,CAPEC-132,0
CWE-287,CAPEC-135,0
CWE-287,CAPEC-136,0
CWE-287,CAPEC-139,0
CWE-287,CAPEC-14,0
CWE-287,CAPEC-141,0
CWE-287,CAPEC-474,0
CWE-287,CAPEC-4,0
CWE-287,CAPEC-40,0
CWE-287,CAPEC-42,0
CWE-287,CAPEC-43,0
CWE-287,CAPEC-44,0
CWE-287,CAPEC-45,0
CWE-287,CAPEC-46,0
CWE-287,CAPEC-47,0
CWE-287,CAPEC-470,0
CWE-287,CAPEC-473,0
CWE-287,CAPEC-389,0
CWE-287,CAPEC-484,0
CWE-287,CAPEC-51,0
CWE-287,CAPEC-52,0
CWE-287,CAPEC-53,0
CWE-16,CAPEC-26,0
CWE-287,CAPEC-6,0
CWE-287,CAPEC-63,0
CWE-287,CAPEC-64,0
CWE-287,CAPEC-66,0
CWE-287,CAPEC-3,0
CWE-287,CAPEC-247,0
CWE-287,CAPEC-250,0
CWE-287,CAPEC-26,0
CWE-287,CAPEC-264,0
CWE-287,CAPEC-265,0
CWE-287,CAPEC-267,0
CWE-287,CAPEC-273,0
CWE-287,CAPEC-28,0
CWE-287,CAPEC-29,0
CWE-16,CAPEC-86,0
CWE-287,CAPEC-31,0
CWE-287,CAPEC-32,0
CWE-287,CAPEC-34,0
CWE-287,CAPEC-35,0
CWE-287,CAPEC-384,0
CWE-287,CAPEC-385,0
CWE-287,CAPEC-386,0
CWE-287,CAPEC-387,0
CWE-287,CAPEC-388,0
CWE-17,CAPEC-231,0
CWE-254,CAPEC-17,0
CWE-254,CAPEC-171,0
CWE-254,CAPEC-18,0
CWE-254,CAPEC-182,0
CWE-254,CAPEC-19,0
CWE-254,CAPEC-198,0
CWE-254,CAPEC-199,0
CWE-254,CAPEC-209,0
CWE-254,CAPEC-213,0
CWE-254,CAPEC-218,0
CWE-17,CAPEC-232,0
CWE-254,CAPEC-23,0
CWE-254,CAPEC-230,0
CWE-254,CAPEC-231,0
CWE-254,CAPEC-232,0
CWE-254,CAPEC-24,0
CWE-254,CAPEC-243,0
CWE-254,CAPEC-244,0
CWE-254,CAPEC-245,0
CWE-254,CAPEC-246,0
CWE-254,CAPEC-114,0
CWE-254,CAPEC-10,0
CWE-254,CAPEC-100,0
CWE-254,CAPEC-101,0
CWE-254,CAPEC-104,0
CWE-254,CAPEC-106,0
CWE-254,CAPEC-108,0
CWE-254,CAPEC-109,0
CWE-254,CAPEC-11,0
CWE-254,CAPEC-110,0
CWE-254,CAPEC-111,0
CWE-254,CAPEC-247,0
CWE-17,CAPEC-24,0
CWE-254,CAPEC-132,0
CWE-254,CAPEC-135,0
CWE-254,CAPEC-136,0
CWE-254,CAPEC-139,0
CWE-254,CAPEC-14,0
CWE-254,CAPEC-141,0
CWE-254,CAPEC-142,0
CWE-254,CAPEC-15,0
CWE-254,CAPEC-474,0
CWE-254,CAPEC-40,0
CWE-254,CAPEC-42,0
CWE-254,CAPEC-43,0
CWE-254,CAPEC-44,0
CWE-254,CAPEC-45,0
CWE-254,CAPEC-46,0
CWE-254,CAPEC-47,0
CWE-254,CAPEC-470,0
CWE-17,CAPEC-230,0
CWE-254,CAPEC-473,0
CWE-254,CAPEC-4,0
CWE-254,CAPEC-484,0
CWE-254,CAPEC-51,0
CWE-254,CAPEC-52,0
CWE-254,CAPEC-53,0
CWE-254,CAPEC-57,0
CWE-17,CAPEC-23,0
CWE-254,CAPEC-6,0
CWE-17,CAPEC-22,0
CWE-254,CAPEC-63,0
CWE-254,CAPEC-31,0
CWE-254,CAPEC-250,0
CWE-254,CAPEC-26,0
CWE-254,CAPEC-264,0
CWE-254,CAPEC-265,0
CWE-254,CAPEC-267,0
CWE-254,CAPEC-273,0
CWE-254,CAPEC-28,0
CWE-254,CAPEC-29,0
CWE-254,CAPEC-3,0
CWE-22,CAPEC-84,0
CWE-254,CAPEC-32,0
CWE-254,CAPEC-34,0
CWE-254,CAPEC-35,0
CWE-254,CAPEC-384,0
CWE-254,CAPEC-385,0
CWE-254,CAPEC-386,0
CWE-254,CAPEC-387,0
CWE-254,CAPEC-388,0
CWE-254,CAPEC-389,0
CWE-21,CAPEC-83,0
CWE-21,CAPEC-72,0
CWE-21,CAPEC-73,0
CWE-21,CAPEC-75,0
CWE-21,CAPEC-76,0
CWE-21,CAPEC-77,0
CWE-21,CAPEC-78,0
CWE-21,CAPEC-79,0
CWE-21,CAPEC-8,0
CWE-21,CAPEC-80,0
CWE-21,CAPEC-81,0
CWE-21,CAPEC-71,0
CWE-21,CAPEC-84,0
CWE-21,CAPEC-85,0
CWE-21,CAPEC-86,0
CWE-21,CAPEC-88,0
CWE-21,CAPEC-9,0
CWE-21,CAPEC-91,0
CWE-21,CAPEC-94,0
CWE-21,CAPEC-99,0
CWE-22,CAPEC-100,0
CWE-21,CAPEC-53,0
CWE-21,CAPEC-46,0
CWE-21,CAPEC-47,0
CWE-21,CAPEC-470,0
CWE-21,CAPEC-472,0
CWE-21,CAPEC-473,0
CWE-21,CAPEC-474,0
CWE-21,CAPEC-484,0
CWE-21,CAPEC-51,0
CWE-21,CAPEC-52,0
CWE-22,CAPEC-11,0
CWE-21,CAPEC-57,0
CWE-21,CAPEC-59,0
CWE-21,CAPEC-6,0
CWE-21,CAPEC-60,0
CWE-21,CAPEC-63,0
CWE-21,CAPEC-64,0
CWE-21,CAPEC-66,0
CWE-21,CAPEC-67,0
CWE-21,CAPEC-7,0
CWE-22,CAPEC-44,0
CWE-22,CAPEC-29,0
CWE-22,CAPEC-34,0
CWE-22,CAPEC-384,0
CWE-22,CAPEC-385,0
CWE-22,CAPEC-386,0
CWE-22,CAPEC-387,0
CWE-22,CAPEC-388,0
CWE-22,CAPEC-389,0
CWE-22,CAPEC-4,0
CWE-22,CAPEC-40,0
CWE-22,CAPEC-273,0
CWE-22,CAPEC-470,0
CWE-22,CAPEC-474,0
CWE-22,CAPEC-51,0
CWE-22,CAPEC-6,0
CWE-17,CAPEC-246,0
CWE-22,CAPEC-75,0
CWE-17,CAPEC-245,0
CWE-17,CAPEC-244,0
CWE-17,CAPEC-243,0
CWE-22,CAPEC-209,0
CWE-22,CAPEC-111,0
CWE-22,CAPEC-132,0
CWE-17,CAPEC-26,0
CWE-22,CAPEC-141,0
CWE-22,CAPEC-142,0
CWE-22,CAPEC-15,0
CWE-22,CAPEC-17,0
CWE-22,CAPEC-19,0
CWE-22,CAPEC-198,0
CWE-254,CAPEC-64,0
CWE-17,CAPEC-250,0
CWE-22,CAPEC-218,0
CWE-17,CAPEC-247,0
CWE-22,CAPEC-232,0
CWE-22,CAPEC-243,0
CWE-22,CAPEC-245,0
CWE-22,CAPEC-246,0
CWE-22,CAPEC-247,0
CWE-22,CAPEC-26,0
CWE-255,CAPEC-75,0
CWE-255,CAPEC-6,0
CWE-17,CAPEC-18,0
CWE-255,CAPEC-63,0
CWE-255,CAPEC-64,0
CWE-255,CAPEC-66,0
CWE-255,CAPEC-67,0
CWE-255,CAPEC-7,0
CWE-255,CAPEC-71,0
CWE-255,CAPEC-72,0
CWE-255,CAPEC-73,0
CWE-17,CAPEC-182,0
CWE-255,CAPEC-76,0
CWE-17,CAPEC-171,0
CWE-255,CAPEC-78,0
CWE-17,CAPEC-17,0
CWE-255,CAPEC-8,0
CWE-255,CAPEC-80,0
CWE-255,CAPEC-81,0
CWE-255,CAPEC-83,0
CWE-255,CAPEC-84,0
CWE-255,CAPEC-47,0
CWE-255,CAPEC-388,0
CWE-255,CAPEC-389,0
CWE-255,CAPEC-4,0
CWE-255,CAPEC-40,0
CWE-255,CAPEC-42,0
CWE-255,CAPEC-43,0
CWE-255,CAPEC-44,0
CWE-255,CAPEC-45,0
CWE-255,CAPEC-46,0
CWE-255,CAPEC-85,0
CWE-255,CAPEC-470,0
CWE-17,CAPEC-19,0
CWE-255,CAPEC-473,0
CWE-255,CAPEC-474,0
CWE-255,CAPEC-484,0
CWE-255,CAPEC-51,0
CWE-255,CAPEC-52,0
CWE-255,CAPEC-53,0
CWE-255,CAPEC-57,0
CWE-17,CAPEC-100,0
CWE-17,CAPEC-111,0
CWE-17,CAPEC-110,0
CWE-17,CAPEC-11,0
CWE-264,CAPEC-141,0
CWE-264,CAPEC-142,0
CWE-17,CAPEC-109,0
CWE-17,CAPEC-108,0
CWE-17,CAPEC-106,0
CWE-17,CAPEC-104,0
CWE-17,CAPEC-101,0
CWE-17,CAPEC-114,0
CWE-264,CAPEC-213,0
CWE-264,CAPEC-218,0
CWE-17,CAPEC-10,0
CWE-264,CAPEC-23,0
CWE-16,CAPEC-99,0
CWE-16,CAPEC-94,0
CWE-16,CAPEC-91,0
CWE-16,CAPEC-9,0
CWE-16,CAPEC-88,0
CWE-17,CAPEC-142,0
CWE-255,CAPEC-86,0
CWE-255,CAPEC-88,0
CWE-255,CAPEC-9,0
CWE-255,CAPEC-91,0
CWE-255,CAPEC-94,0
CWE-255,CAPEC-99,0
CWE-17,CAPEC-169,0
CWE-264,CAPEC-100,0
CWE-17,CAPEC-15,0
CWE-255,CAPEC-387,0
CWE-17,CAPEC-141,0
CWE-17,CAPEC-14,0
CWE-17,CAPEC-139,0
CWE-264,CAPEC-11,0
CWE-17,CAPEC-136,0
CWE-264,CAPEC-111,0
CWE-17,CAPEC-135,0
CWE-17,CAPEC-132,0
CWE-17,CAPEC-13,0
CWE-255,CAPEC-11,0
CWE-254,CAPEC-91,0
CWE-254,CAPEC-94,0
CWE-254,CAPEC-99,0
CWE-255,CAPEC-10,0
CWE-255,CAPEC-100,0
CWE-255,CAPEC-101,0
CWE-255,CAPEC-104,0
CWE-255,CAPEC-106,0
CWE-255,CAPEC-108,0
CWE-255,CAPEC-109,0
CWE-254,CAPEC-9,0
CWE-255,CAPEC-110,0
CWE-255,CAPEC-111,0
CWE-255,CAPEC-114,0
CWE-17,CAPEC-213,0
CWE-255,CAPEC-132,0
CWE-255,CAPEC-135,0
CWE-255,CAPEC-136,0
CWE-255,CAPEC-139,0
CWE-255,CAPEC-14,0
CWE-254,CAPEC-78,0
CWE-254,CAPEC-66,0
CWE-254,CAPEC-67,0
CWE-254,CAPEC-7,0
CWE-254,CAPEC-71,0
CWE-254,CAPEC-72,0
CWE-254,CAPEC-73,0
CWE-254,CAPEC-75,0
CWE-254,CAPEC-76,0
CWE-254,CAPEC-77,0
CWE-255,CAPEC-141,0
CWE-17,CAPEC-218,0
CWE-254,CAPEC-8,0
CWE-254,CAPEC-80,0
CWE-254,CAPEC-81,0
CWE-254,CAPEC-83,0
CWE-254,CAPEC-84,0
CWE-254,CAPEC-85,0
CWE-254,CAPEC-86,0
CWE-254,CAPEC-88,0
CWE-255,CAPEC-28,0
CWE-255,CAPEC-244,0
CWE-255,CAPEC-245,0
CWE-255,CAPEC-246,0
CWE-255,CAPEC-247,0
CWE-255,CAPEC-250,0
CWE-255,CAPEC-26,0
CWE-255,CAPEC-264,0
CWE-255,CAPEC-265,0
CWE-255,CAPEC-267,0
CWE-255,CAPEC-273,0
CWE-255,CAPEC-243,0
CWE-255,CAPEC-29,0
CWE-255,CAPEC-3,0
CWE-255,CAPEC-31,0
CWE-255,CAPEC-32,0
CWE-255,CAPEC-34,0
CWE-17,CAPEC-198,0
CWE-255,CAPEC-384,0
CWE-255,CAPEC-385,0
CWE-255,CAPEC-386,0
CWE-255,CAPEC-199,0
CWE-255,CAPEC-142,0
CWE-255,CAPEC-15,0
CWE-17,CAPEC-209,0
CWE-255,CAPEC-17,0
CWE-255,CAPEC-171,0
CWE-255,CAPEC-18,0
CWE-255,CAPEC-182,0
CWE-255,CAPEC-19,0
CWE-255,CAPEC-198,0
CWE-310,CAPEC-4,0
CWE-255,CAPEC-209,0
CWE-255,CAPEC-213,0
CWE-255,CAPEC-218,0
CWE-17,CAPEC-199,0
CWE-255,CAPEC-23,0
CWE-255,CAPEC-230,0
CWE-255,CAPEC-231,0
CWE-255,CAPEC-232,0
CWE-255,CAPEC-24,0
